Timestamp,STATUS,FUEL_STATUS,ENGINE_LOAD,COOLANT_TEMP,SHORT_FUEL_TRIM_1,LONG_FUEL_TRIM_1,INTAKE_PRESSURE,RPM,SPEED,TIMING_ADVANCE,INTAKE_TEMP,MAF,THROTTLE_POS,O2_SENSORS,O2_B1S2,OBD_COMPLIANCE,RUN_TIME,PIDS_B,DISTANCE_W_MIL,O2_S1_WR_VOLTAGE,COMMANDED_EGR,EVAPORATIVE_PURGE,WARMUPS_SINCE_DTC_CLEAR,DISTANCE_SINCE_DTC_CLEAR,BAROMETRIC_PRESSURE,O2_S1_WR_CURRENT,CATALYST_TEMP_B1S1,CATALYST_TEMP_B1S2,PIDS_C,CONTROL_MODULE_VOLTAGE,ABSOLUTE_LOAD,COMMANDED_EQUIV_RATIO,RELATIVE_THROTTLE_POS,THROTTLE_POS_B,THROTTLE_ACTUATOR,RUN_TIME_MIL,TIME_SINCE_DTC_CLEARED,FUEL_TYPE
1728295407.843055,,,0.0,83,,,115,2920.0,20.0,,28,13.11,100.0,,,EOBD (Europe),140.0,10010000000101011011000000010101,0.0,,5.098039215686274,,,51231.0,101,,69.2,,01111010000111001000000000000000,14.806000000000001,,,,,0.0,0.0,19561.0,Gasoline
1728295408.1898918,,,0.0,83,,,115,2940.0,16.0,,28,13.11,100.0,,,EOBD (Europe),140.0,10010000000101011011000000010101,0.0,,5.098039215686274,,,51231.0,101,,69.2,,01111010000111001000000000000000,14.806000000000001,,,,,0.0,0.0,19561.0,Gasoline
1728295408.5265133,,,0.0,83,,,115,2960.0,12.0,,28,13.11,100.0,,,EOBD (Europe),140.0,10010000000101011011000000010101,0.0,,5.098039215686274,,,51231.0,101,,69.2,,01111010000111001000000000000000,14.806000000000001,,,,,0.0,0.0,19561.0,Gasoline
1728295408.8705869,,,0.0,83,,,115,2980.0,8.0,,28,13.11,100.0,,,EOBD (Europe),140.0,10010000000101011011000000010101,0.0,,5.098039215686274,,,51231.0,101,,69.2,,01111010000111001000000000000000,14.806000000000001,,,,,0.0,0.0,19561.0,Gasoline
1728295409.1993823,,,0.0,83,,,115,3000.0,4.0,,28,13.11,100.0,,,EOBD (Europe),140.0,10010000000101011011000000010101,0.0,,5.098039215686274,,,51231.0,101,,69.2,,01111010000111001000000000000000,14.806000000000001,,,,,0.0,0.0,19561.0,Gasoline
1728295409.5311232,,,0.0,83,,,115,3020.0,0.0,,28,13.11,100.0,,,EOBD (Europe),140.0,10010000000101011011000000010101,0.0,,5.098039215686274,,,51231.0,101,,69.2,,01111010000111001000000000000000,14.806000000000001,,,,,0.0,0.0,19561.0,Gasoline
1728295409.8766007,,,0.0,83,,,115,3040.0,4.0,,28,13.11,100.0,,,EOBD (Europe),140.0,10010000000101011011000000010101,0.0,,5.098039215686274,,,51231.0,101,,69.2,,01111010000111001000000000000000,14.806000000000001,,,,,0.0,0.0,19561.0,Gasoline
1728295410.2141597,,,0.0,83,,,115,3060.0,8.0,,28,13.11,100.0,,,EOBD (Europe),140.0,10010000000101011011000000010101,0.0,,5.098039215686274,,,51231.0,101,,69.2,,01111010000111001000000000000000,14.806000000000001,,,,,0.0,0.0,19561.0,Gasoline
1728295410.5388508,,,0.0,83,,,115,3080.0,12.0,,28,13.11,100.0,,,EOBD (Europe),140.0,10010000000101011011000000010101,0.0,,5.098039215686274,,,51231.0,101,,69.2,,01111010000111001000000000000000,14.806000000000001,,,,,0.0,0.0,19561.0,Gasoline
1728295410.8770459,,,0.0,83,,,115,3100.0,16.0,,28,13.11,100.0,,,EOBD (Europe),140.0,10010000000101011011000000010101,0.0,,5.098039215686274,,,51231.0,101,,69.2,,01111010000111001000000000000000,14.806000000000001,,,,,0.0,0.0,19561.0,Gasoline
1728295411.2067475,,,0.0,83,,,115,3120.0,20.0,,28,13.11,100.0,,,EOBD (Europe),140.0,10010000000101011011000000010101,0.0,,5.098039215686274,,,51231.0,101,,69.2,,01111010000111001000000000000000,14.806000000000001,,,,,0.0,0.0,19561.0,Gasoline
1728295411.5514336,,,0.0,83,,,115,3140.0,24.0,,28,13.11,100.0,,,EOBD (Europe),140.0,10010000000101011011000000010101,0.0,,5.098039215686274,,,51231.0,101,,69.2,,01111010000111001000000000000000,14.806000000000001,,,,,0.0,0.0,19561.0,Gasoline
1728295411.8972042,,,0.0,83,,,115,3160.0,28.0,,28,13.11,100.0,,,EOBD (Europe),140.0,10010000000101011011000000010101,0.0,,5.098039215686274,,,51231.0,101,,69.2,,01111010000111001000000000000000,14.806000000000001,,,,,0.0,0.0,19561.0,Gasoline
1728295412.2354937,,,0.0,83,,,115,3180.0,32.0,,28,13.11,100.0,,,EOBD (Europe),140.0,10010000000101011011000000010101,0.0,,5.098039215686274,,,51231.0,101,,69.2,,01111010000111001000000000000000,14.806000000000001,,,,,0.0,0.0,19561.0,Gasoline
1728295412.5716763,,,0.0,83,,,115,3200.0,36.0,,28,13.11,100.0,,,EOBD (Europe),140.0,10010000000101011011000000010101,0.0,,5.098039215686274,,,51231.0,101,,69.2,,01111010000111001000000000000000,14.806000000000001,,,,,0.0,0.0,19561.0,Gasoline
1728295422.9627647,,,0.0,83,,,115,3220.0,40.0,,28,13.11,100.0,,,EOBD (Europe),140.0,10010000000101011011000000010101,0.0,,5.098039215686274,,,51231.0,101,,69.2,,01111010000111001000000000000000,14.806000000000001,,,,,0.0,0.0,19561.0,Gasoline
1728295423.2979937,,,0.0,83,,,115,3240.0,44.0,,28,13.11,100.0,,,EOBD (Europe),140.0,10010000000101011011000000010101,0.0,,5.098039215686274,,,51231.0,101,,69.2,,01111010000111001000000000000000,14.806000000000001,,,,,0.0,0.0,19561.0,Gasoline
1728295423.6338224,,,0.0,83,,,115,3260.0,48.0,,28,13.11,100.0,,,EOBD (Europe),140.0,10010000000101011011000000010101,0.0,,5.098039215686274,,,51231.0,101,,69.2,,01111010000111001000000000000000,14.806000000000001,,,,,0.0,0.0,19561.0,Gasoline
1728295423.9745207,,,0.0,83,,,115,3280.0,52.0,,28,13.11,100.0,,,EOBD (Europe),140.0,10010000000101011011000000010101,0.0,,5.098039215686274,,,51231.0,101,,69.2,,01111010000111001000000000000000,14.806000000000001,,,,,0.0,0.0,19561.0,Gasoline
1728295424.3104947,,,0.0,83,,,115,3300.0,56.0,,28,13.11,100.0,,,EOBD (Europe),140.0,10010000000101011011000000010101,0.0,,5.098039215686274,,,51231.0,101,,69.2,,01111010000111001000000000000000,14.806000000000001,,,,,0.0,0.0,19561.0,Gasoline
1728295424.6701007,,,0.0,83,,,115,3320.0,60.0,,28,13.11,100.0,,,EOBD (Europe),140.0,10010000000101011011000000010101,0.0,,5.098039215686274,,,51231.0,101,,69.2,,01111010000111001000000000000000,14.806000000000001,,,,,0.0,0.0,19561.0,Gasoline
1728295425.014659,,,0.0,83,,,115,3340.0,64.0,,28,13.11,100.0,,,EOBD (Europe),140.0,10010000000101011011000000010101,0.0,,5.098039215686274,,,51231.0,101,,69.2,,01111010000111001000000000000000,14.806000000000001,,,,,0.0,0.0,19561.0,Gasoline
1728295425.3602777,,,0.0,83,,,115,3360.0,68.0,,28,13.11,100.0,,,EOBD (Europe),140.0,10010000000101011011000000010101,0.0,,5.098039215686274,,,51231.0,101,,69.2,,01111010000111001000000000000000,14.806000000000001,,,,,0.0,0.0,19561.0,Gasoline
1728295425.709668,,,0.0,83,,,115,3380.0,72.0,,28,13.11,100.0,,,EOBD (Europe),140.0,10010000000101011011000000010101,0.0,,5.098039215686274,,,51231.0,101,,69.2,,01111010000111001000000000000000,14.806000000000001,,,,,0.0,0.0,19561.0,Gasoline
1728295426.0431354,,,0.0,83,,,115,3400.0,76.0,,28,13.11,100.0,,,EOBD (Europe),140.0,10010000000101011011000000010101,0.0,,5.098039215686274,,,51231.0,101,,69.2,,01111010000111001000000000000000,14.806000000000001,,,,,0.0,0.0,19561.0,Gasoline
1728295426.3723612,,,0.0,83,,,115,3420.0,80.0,,28,13.11,100.0,,,EOBD (Europe),140.0,10010000000101011011000000010101,0.0,,5.098039215686274,,,51231.0,101,,69.2,,01111010000111001000000000000000,14.806000000000001,,,,,0.0,0.0,19561.0,Gasoline
1728295426.710239,,,0.0,83,,,115,3440.0,84.0,,28,13.11,100.0,,,EOBD (Europe),140.0,10010000000101011011000000010101,0.0,,5.098039215686274,,,51231.0,101,,69.2,,01111010000111001000000000000000,14.806000000000001,,,,,0.0,0.0,19561.0,Gasoline
1728295427.050132,,,0.0,83,,,115,3460.0,88.0,,28,13.11,100.0,,,EOBD (Europe),140.0,10010000000101011011000000010101,0.0,,5.098039215686274,,,51231.0,101,,69.2,,01111010000111001000000000000000,14.806000000000001,,,,,0.0,0.0,19561.0,Gasoline
1728295427.380857,,,0.0,83,,,115,3480.0,92.0,,28,13.11,100.0,,,EOBD (Europe),140.0,10010000000101011011000000010101,0.0,,5.098039215686274,,,51231.0,101,,69.2,,01111010000111001000000000000000,14.806000000000001,,,,,0.0,0.0,19561.0,Gasoline
1728295427.7119977,,,0.0,83,,,115,3500.0,96.0,,28,13.11,100.0,,,EOBD (Europe),140.0,10010000000101011011000000010101,0.0,,5.098039215686274,,,51231.0,101,,69.2,,01111010000111001000000000000000,14.806000000000001,,,,,0.0,0.0,19561.0,Gasoline
