,Time,STATUS,FUEL_STATUS,ENGINE_LOAD,COOLANT_TEMP,SHORT_FUEL_TRIM_1,LONG_FUEL_TRIM_1,INTAKE_PRESSURE,RPM,SPEED,TIMING_ADVANCE,INTAKE_TEMP,THROTTLE_POS,O2_SENSORS,O2_B1S1,O2_B1S2,OBD_COMPLIANCE,RUN_TIME,PIDS_B,DISTANCE_W_MIL,EVAPORATIVE_PURGE,WARMUPS_SINCE_DTC_CLEAR,DISTANCE_SINCE_DTC_CLEAR,BAROMETRIC_PRESSURE,PIDS_C,CONTROL_MODULE_VOLTAGE,ABSOLUTE_LOAD,RELATIVE_THROTTLE_POS,THROTTLE_POS_B,ACCELERATOR_POS_D,ACCELERATOR_POS_E,THROTTLE_ACTUATOR
0,1725715727.6307495,<obd.OBDResponse.Status object at 0x7fdf6488ea50>,,,,,,,,,,,,,,,,,,,,,,,,,,,,,,
1,1725715727.6724648,,"('Closed loop, using oxygen sensor feedback to determine fuel mix', '')",,,,,,,,,,,,,,,,,,,,,,,,,,,,,
2,1725715727.708753,,,20.392156862745097 percent,,,,,,,,,,,,,,,,,,,,,,,,,,,,
3,1725715727.7506514,,,,63 degree_Celsius,,,,,,,,,,,,,,,,,,,,,,,,,,,
4,1725715727.792811,,,,,-5.46875 percent,,,,,,,,,,,,,,,,,,,,,,,,,,
5,1725715727.8287685,,,,,,3.125 percent,,,,,,,,,,,,,,,,,,,,,,,,,
6,1725715727.8706188,,,,,,,28 kilopascal,,,,,,,,,,,,,,,,,,,,,,,,
7,1725715727.9127567,,,,,,,,775.5 revolutions_per_minute,,,,,,,,,,,,,,,,,,,,,,,
8,1725715727.9485667,,,,,,,,,0.0 kilometer_per_hour,,,,,,,,,,,,,,,,,,,,,,
9,1725715727.990788,,,,,,,,,,12.5 degree,,,,,,,,,,,,,,,,,,,,,
10,1725715728.0326145,,,,,,,,,,,38 degree_Celsius,,,,,,,,,,,,,,,,,,,,
11,1725715728.0685995,,,,,,,,,,,,14.901960784313726 percent,,,,,,,,,,,,,,,,,,,
12,1725715728.110402,,,,,,,,,,,,,"((), (False, False, False, False), (False, False, True, True))",,,,,,,,,,,,,,,,,,
13,1725715728.152708,,,,,,,,,,,,,,0.395 volt,,,,,,,,,,,,,,,,,
14,1725715728.188802,,,,,,,,,,,,,,,0.68 volt,,,,,,,,,,,,,,,,
15,1725715728.2304027,,,,,,,,,,,,,,,,India OBD II (IOBD II),,,,,,,,,,,,,,,
16,1725715728.2725153,,,,,,,,,,,,,,,,,156.0 second,,,,,,,,,,,,,,
17,1725715728.308356,,,,,,,,,,,,,,,,,,10000000000001011010000000000001,,,,,,,,,,,,,
18,1725715728.350389,,,,,,,,,,,,,,,,,,,0.0 kilometer,,,,,,,,,,,,
19,1725715728.392652,,,,,,,,,,,,,,,,,,,,0.0 percent,,,,,,,,,,,
20,1725715728.4284542,,,,,,,,,,,,,,,,,,,,,255.0 count,,,,,,,,,,
21,1725715728.4705312,,,,,,,,,,,,,,,,,,,,,,52041.0 kilometer,,,,,,,,,
22,1725715728.5127723,,,,,,,,,,,,,,,,,,,,,,,100 kilopascal,,,,,,,,
23,1725715728.5483525,,,,,,,,,,,,,,,,,,,,,,,,01101010110100000000000000000000,,,,,,,
24,1725715728.5904877,,,,,,,,,,,,,,,,,,,,,,,,,13.853 volt,,,,,,
25,1725715728.6326883,,,,,,,,,,,,,,,,,,,,,,,,,,16.07843137254902 percent,,,,,
26,1725715728.6686802,,,,,,,,,,,,,,,,,,,,,,,,,,,5.490196078431373 percent,,,,
27,1725715728.7107298,,,,,,,,,,,,,,,,,,,,,,,,,,,,15.294117647058824 percent,,,
28,1725715728.7527006,,,,,,,,,,,,,,,,,,,,,,,,,,,,,14.901960784313726 percent,,
29,1725715728.7886739,,,,,,,,,,,,,,,,,,,,,,,,,,,,,,7.450980392156863 percent,
30,1725715728.8306992,,,,,,,,,,,,,,,,,,,,,,,,,,,,,,,6.666666666666667 percent
31,1725715729.1188025,<obd.OBDResponse.Status object at 0x7fdf648aa1d0>,,,,,,,,,,,,,,,,,,,,,,,,,,,,,,
32,1725715729.160269,,"('Closed loop, using oxygen sensor feedback to determine fuel mix', '')",,,,,,,,,,,,,,,,,,,,,,,,,,,,,
33,1725715729.2027154,,,20.392156862745097 percent,,,,,,,,,,,,,,,,,,,,,,,,,,,,
34,1725715729.238583,,,,63 degree_Celsius,,,,,,,,,,,,,,,,,,,,,,,,,,,
35,1725715729.2808125,,,,,-3.125 percent,,,,,,,,,,,,,,,,,,,,,,,,,,
36,1725715729.3227365,,,,,,3.125 percent,,,,,,,,,,,,,,,,,,,,,,,,,
37,1725715729.358672,,,,,,,28 kilopascal,,,,,,,,,,,,,,,,,,,,,,,,
38,1725715729.4006085,,,,,,,,803.0 revolutions_per_minute,,,,,,,,,,,,,,,,,,,,,,,
39,1725715729.4425156,,,,,,,,,0.0 kilometer_per_hour,,,,,,,,,,,,,,,,,,,,,,
40,1725715729.4788518,,,,,,,,,,12.5 degree,,,,,,,,,,,,,,,,,,,,,
41,1725715729.520587,,,,,,,,,,,38 degree_Celsius,,,,,,,,,,,,,,,,,,,,
42,1725715729.5628445,,,,,,,,,,,,14.901960784313726 percent,,,,,,,,,,,,,,,,,,,
43,1725715729.5984635,,,,,,,,,,,,,"((), (False, False, False, False), (False, False, True, True))",,,,,,,,,,,,,,,,,,
44,1725715729.640666,,,,,,,,,,,,,,0.75 volt,,,,,,,,,,,,,,,,,
45,1725715729.6827838,,,,,,,,,,,,,,,0.675 volt,,,,,,,,,,,,,,,,
46,1725715729.7185504,,,,,,,,,,,,,,,,India OBD II (IOBD II),,,,,,,,,,,,,,,
47,1725715729.760525,,,,,,,,,,,,,,,,,158.0 second,,,,,,,,,,,,,,
48,1725715729.8024046,,,,,,,,,,,,,,,,,,10000000000001011010000000000001,,,,,,,,,,,,,
49,1725715729.8386497,,,,,,,,,,,,,,,,,,,0.0 kilometer,,,,,,,,,,,,
50,1725715729.8806992,,,,,,,,,,,,,,,,,,,,0.0 percent,,,,,,,,,,,
51,1725715729.9225101,,,,,,,,,,,,,,,,,,,,,255.0 count,,,,,,,,,,
52,1725715729.9585452,,,,,,,,,,,,,,,,,,,,,,52041.0 kilometer,,,,,,,,,
53,1725715730.0006132,,,,,,,,,,,,,,,,,,,,,,,100 kilopascal,,,,,,,,
54,1725715730.0424342,,,,,,,,,,,,,,,,,,,,,,,,01101010110100000000000000000000,,,,,,,
55,1725715730.078538,,,,,,,,,,,,,,,,,,,,,,,,,13.735 volt,,,,,,
56,1725715730.1204903,,,,,,,,,,,,,,,,,,,,,,,,,,16.07843137254902 percent,,,,,
57,1725715730.162542,,,,,,,,,,,,,,,,,,,,,,,,,,,5.098039215686274 percent,,,,
58,1725715730.1989288,,,,,,,,,,,,,,,,,,,,,,,,,,,,15.294117647058824 percent,,,
59,1725715730.2406526,,,,,,,,,,,,,,,,,,,,,,,,,,,,,14.901960784313726 percent,,
60,1725715730.2825663,,,,,,,,,,,,,,,,,,,,,,,,,,,,,,7.450980392156863 percent,
61,1725715730.318691,,,,,,,,,,,,,,,,,,,,,,,,,,,,,,,6.666666666666667 percent
62,1725715730.6126816,<obd.OBDResponse.Status object at 0x7fdf648abed0>,,,,,,,,,,,,,,,,,,,,,,,,,,,,,,
63,1725715730.6485853,,"('Closed loop, using oxygen sensor feedback to determine fuel mix', '')",,,,,,,,,,,,,,,,,,,,,,,,,,,,,
64,1725715730.6907532,,,20.784313725490197 percent,,,,,,,,,,,,,,,,,,,,,,,,,,,,
65,1725715730.7326503,,,,63 degree_Celsius,,,,,,,,,,,,,,,,,,,,,,,,,,,
66,1725715730.7686648,,,,,-4.6875 percent,,,,,,,,,,,,,,,,,,,,,,,,,,
67,1725715730.810726,,,,,,3.125 percent,,,,,,,,,,,,,,,,,,,,,,,,,
68,1725715730.8527396,,,,,,,28 kilopascal,,,,,,,,,,,,,,,,,,,,,,,,
69,1725715730.8884406,,,,,,,,783.5 revolutions_per_minute,,,,,,,,,,,,,,,,,,,,,,,
70,1725715730.930496,,,,,,,,,0.0 kilometer_per_hour,,,,,,,,,,,,,,,,,,,,,,
71,1725715730.9727268,,,,,,,,,,14.0 degree,,,,,,,,,,,,,,,,,,,,,
72,1725715731.0084934,,,,,,,,,,,38 degree_Celsius,,,,,,,,,,,,,,,,,,,,
73,1725715731.0506918,,,,,,,,,,,,14.901960784313726 percent,,,,,,,,,,,,,,,,,,,
74,1725715731.0922163,,,,,,,,,,,,,"((), (False, False, False, False), (False, False, True, True))",,,,,,,,,,,,,,,,,,
75,1725715731.1285632,,,,,,,,,,,,,,0.09 volt,,,,,,,,,,,,,,,,,
76,1725715731.1706889,,,,,,,,,,,,,,,0.68 volt,,,,,,,,,,,,,,,,
77,1725715731.2123306,,,,,,,,,,,,,,,,India OBD II (IOBD II),,,,,,,,,,,,,,,
78,1725715731.2483616,,,,,,,,,,,,,,,,,159.0 second,,,,,,,,,,,,,,
79,1725715731.2904258,,,,,,,,,,,,,,,,,,10000000000001011010000000000001,,,,,,,,,,,,,
80,1725715731.3325186,,,,,,,,,,,,,,,,,,,0.0 kilometer,,,,,,,,,,,,
81,1725715731.374733,,,,,,,,,,,,,,,,,,,,0.0 percent,,,,,,,,,,,
82,1725715731.4225154,,,,,,,,,,,,,,,,,,,,,255.0 count,,,,,,,,,,
83,1725715731.4585187,,,,,,,,,,,,,,,,,,,,,,52041.0 kilometer,,,,,,,,,
84,1725715731.5008023,,,,,,,,,,,,,,,,,,,,,,,100 kilopascal,,,,,,,,
85,1725715731.5424054,,,,,,,,,,,,,,,,,,,,,,,,01101010110100000000000000000000,,,,,,,
86,1725715731.5785196,,,,,,,,,,,,,,,,,,,,,,,,,13.805 volt,,,,,,
87,1725715731.6204643,,,,,,,,,,,,,,,,,,,,,,,,,,16.470588235294116 percent,,,,,
88,1725715731.6626277,,,,,,,,,,,,,,,,,,,,,,,,,,,5.098039215686274 percent,,,,
89,1725715731.698875,,,,,,,,,,,,,,,,,,,,,,,,,,,,15.294117647058824 percent,,,
90,1725715731.7407265,,,,,,,,,,,,,,,,,,,,,,,,,,,,,14.901960784313726 percent,,
91,1725715731.7827256,,,,,,,,,,,,,,,,,,,,,,,,,,,,,,7.450980392156863 percent,
92,1725715731.8308253,,,,,,,,,,,,,,,,,,,,,,,,,,,,,,,7.0588235294117645 percent
93,1725715732.118279,<obd.OBDResponse.Status object at 0x7fdf6489f4d0>,,,,,,,,,,,,,,,,,,,,,,,,,,,,,,
94,1725715732.160427,,"('Closed loop, using oxygen sensor feedback to determine fuel mix', '')",,,,,,,,,,,,,,,,,,,,,,,,,,,,,
95,1725715732.202691,,,20.392156862745097 percent,,,,,,,,,,,,,,,,,,,,,,,,,,,,
96,1725715732.238573,,,,63 degree_Celsius,,,,,,,,,,,,,,,,,,,,,,,,,,,
97,1725715732.2806077,,,,,-1.5625 percent,,,,,,,,,,,,,,,,,,,,,,,,,,
98,1725715732.3228505,,,,,,3.125 percent,,,,,,,,,,,,,,,,,,,,,,,,,
99,1725715732.364798,,,,,,,28 kilopascal,,,,,,,,,,,,,,,,,,,,,,,,
100,1725715732.4125159,,,,,,,,805.5 revolutions_per_minute,,,,,,,,,,,,,,,,,,,,,,,
101,1725715732.448519,,,,,,,,,0.0 kilometer_per_hour,,,,,,,,,,,,,,,,,,,,,,
102,1725715732.4908206,,,,,,,,,,13.5 degree,,,,,,,,,,,,,,,,,,,,,
103,1725715732.532623,,,,,,,,,,,38 degree_Celsius,,,,,,,,,,,,,,,,,,,,
104,1725715732.5686822,,,,,,,,,,,,15.294117647058824 percent,,,,,,,,,,,,,,,,,,,
105,1725715732.6104593,,,,,,,,,,,,,"((), (False, False, False, False), (False, False, True, True))",,,,,,,,,,,,,,,,,,
106,1725715732.6526754,,,,,,,,,,,,,,0.26 volt,,,,,,,,,,,,,,,,,
107,1725715732.68868,,,,,,,,,,,,,,,0.69 volt,,,,,,,,,,,,,,,,
108,1725715732.7302418,,,,,,,,,,,,,,,,India OBD II (IOBD II),,,,,,,,,,,,,,,
109,1725715732.7724726,,,,,,,,,,,,,,,,,161.0 second,,,,,,,,,,,,,,
110,1725715732.808325,,,,,,,,,,,,,,,,,,10000000000001011010000000000001,,,,,,,,,,,,,
111,1725715732.8505974,,,,,,,,,,,,,,,,,,,0.0 kilometer,,,,,,,,,,,,
112,1725715732.892682,,,,,,,,,,,,,,,,,,,,0.0 percent,,,,,,,,,,,
113,1725715732.9285376,,,,,,,,,,,,,,,,,,,,,255.0 count,,,,,,,,,,
114,1725715732.9703732,,,,,,,,,,,,,,,,,,,,,,52041.0 kilometer,,,,,,,,,
115,1725715733.012552,,,,,,,,,,,,,,,,,,,,,,,100 kilopascal,,,,,,,,
116,1725715733.0482328,,,,,,,,,,,,,,,,,,,,,,,,01101010110100000000000000000000,,,,,,,
117,1725715733.0905297,,,,,,,,,,,,,,,,,,,,,,,,,13.735 volt,,,,,,
118,1725715733.1325908,,,,,,,,,,,,,,,,,,,,,,,,,,16.07843137254902 percent,,,,,
119,1725715733.1806536,,,,,,,,,,,,,,,,,,,,,,,,,,,5.098039215686274 percent,,,,
120,1725715733.222726,,,,,,,,,,,,,,,,,,,,,,,,,,,,15.294117647058824 percent,,,
121,1725715733.258734,,,,,,,,,,,,,,,,,,,,,,,,,,,,,14.901960784313726 percent,,
122,1725715733.3007445,,,,,,,,,,,,,,,,,,,,,,,,,,,,,,7.450980392156863 percent,
123,1725715733.3427303,,,,,,,,,,,,,,,,,,,,,,,,,,,,,,,6.666666666666667 percent
124,1725715733.6426358,<obd.OBDResponse.Status object at 0x7fdf648ade10>,,,,,,,,,,,,,,,,,,,,,,,,,,,,,,
125,1725715733.6787038,,"('Closed loop, using oxygen sensor feedback to determine fuel mix', '')",,,,,,,,,,,,,,,,,,,,,,,,,,,,,
126,1725715733.720636,,,20.0 percent,,,,,,,,,,,,,,,,,,,,,,,,,,,,
127,1725715733.762434,,,,63 degree_Celsius,,,,,,,,,,,,,,,,,,,,,,,,,,,
128,1725715733.7987971,,,,,-3.125 percent,,,,,,,,,,,,,,,,,,,,,,,,,,
129,1725715733.8408482,,,,,,3.125 percent,,,,,,,,,,,,,,,,,,,,,,,,,
130,1725715733.8825276,,,,,,,28 kilopascal,,,,,,,,,,,,,,,,,,,,,,,,
131,1725715733.9185412,,,,,,,,799.5 revolutions_per_minute,,,,,,,,,,,,,,,,,,,,,,,
132,1725715733.9605463,,,,,,,,,0.0 kilometer_per_hour,,,,,,,,,,,,,,,,,,,,,,
133,1725715734.002738,,,,,,,,,,12.0 degree,,,,,,,,,,,,,,,,,,,,,
134,1725715734.0386076,,,,,,,,,,,38 degree_Celsius,,,,,,,,,,,,,,,,,,,,
135,1725715734.080673,,,,,,,,,,,,14.901960784313726 percent,,,,,,,,,,,,,,,,,,,
136,1725715734.1222978,,,,,,,,,,,,,"((), (False, False, False, False), (False, False, True, True))",,,,,,,,,,,,,,,,,,
137,1725715734.1587212,,,,,,,,,,,,,,0.815 volt,,,,,,,,,,,,,,,,,
138,1725715734.2007337,,,,,,,,,,,,,,,0.675 volt,,,,,,,,,,,,,,,,
139,1725715734.2424083,,,,,,,,,,,,,,,,India OBD II (IOBD II),,,,,,,,,,,,,,,
140,1725715734.2784865,,,,,,,,,,,,,,,,,162.0 second,,,,,,,,,,,,,,
141,1725715734.3204443,,,,,,,,,,,,,,,,,,10000000000001011010000000000001,,,,,,,,,,,,,
142,1725715734.368458,,,,,,,,,,,,,,,,,,,0.0 kilometer,,,,,,,,,,,,
143,1725715734.4106061,,,,,,,,,,,,,,,,,,,,0.0 percent,,,,,,,,,,,
144,1725715734.452556,,,,,,,,,,,,,,,,,,,,,255.0 count,,,,,,,,,,
145,1725715734.488505,,,,,,,,,,,,,,,,,,,,,,52041.0 kilometer,,,,,,,,,
146,1725715734.53075,,,,,,,,,,,,,,,,,,,,,,,100 kilopascal,,,,,,,,
147,1725715734.5724173,,,,,,,,,,,,,,,,,,,,,,,,01101010110100000000000000000000,,,,,,,
148,1725715734.6085193,,,,,,,,,,,,,,,,,,,,,,,,,13.735 volt,,,,,,
149,1725715734.65074,,,,,,,,,,,,,,,,,,,,,,,,,,16.07843137254902 percent,,,,,
150,1725715734.6927419,,,,,,,,,,,,,,,,,,,,,,,,,,,5.098039215686274 percent,,,,
151,1725715734.7285984,,,,,,,,,,,,,,,,,,,,,,,,,,,,15.294117647058824 percent,,,
152,1725715734.770725,,,,,,,,,,,,,,,,,,,,,,,,,,,,,14.901960784313726 percent,,
153,1725715734.8127055,,,,,,,,,,,,,,,,,,,,,,,,,,,,,,7.450980392156863 percent,
154,1725715734.8488488,,,,,,,,,,,,,,,,,,,,,,,,,,,,,,,6.666666666666667 percent
155,1725715735.1421025,<obd.OBDResponse.Status object at 0x7fdf648aec90>,,,,,,,,,,,,,,,,,,,,,,,,,,,,,,
156,1725715735.1784675,,"('Closed loop, using oxygen sensor feedback to determine fuel mix', '')",,,,,,,,,,,,,,,,,,,,,,,,,,,,,
157,1725715735.2208998,,,20.392156862745097 percent,,,,,,,,,,,,,,,,,,,,,,,,,,,,
158,1725715735.2626023,,,,63 degree_Celsius,,,,,,,,,,,,,,,,,,,,,,,,,,,
159,1725715735.2987463,,,,,-3.90625 percent,,,,,,,,,,,,,,,,,,,,,,,,,,
160,1725715735.34073,,,,,,3.125 percent,,,,,,,,,,,,,,,,,,,,,,,,,
161,1725715735.3826623,,,,,,,28 kilopascal,,,,,,,,,,,,,,,,,,,,,,,,
162,1725715735.418477,,,,,,,,780.0 revolutions_per_minute,,,,,,,,,,,,,,,,,,,,,,,
163,1725715735.460652,,,,,,,,,0.0 kilometer_per_hour,,,,,,,,,,,,,,,,,,,,,,
164,1725715735.5023322,,,,,,,,,,11.0 degree,,,,,,,,,,,,,,,,,,,,,
165,1725715735.5386045,,,,,,,,,,,38 degree_Celsius,,,,,,,,,,,,,,,,,,,,
166,1725715735.5807495,,,,,,,,,,,,14.901960784313726 percent,,,,,,,,,,,,,,,,,,,
167,1725715735.622472,,,,,,,,,,,,,"((), (False, False, False, False), (False, False, True, True))",,,,,,,,,,,,,,,,,,
168,1725715735.6585734,,,,,,,,,,,,,,0.125 volt,,,,,,,,,,,,,,,,,
169,1725715735.7007496,,,,,,,,,,,,,,,0.665 volt,,,,,,,,,,,,,,,,
170,1725715735.742422,,,,,,,,,,,,,,,,India OBD II (IOBD II),,,,,,,,,,,,,,,
171,1725715735.7786696,,,,,,,,,,,,,,,,,164.0 second,,,,,,,,,,,,,,
172,1725715735.8204298,,,,,,,,,,,,,,,,,,10000000000001011010000000000001,,,,,,,,,,,,,
173,1725715735.8625388,,,,,,,,,,,,,,,,,,,0.0 kilometer,,,,,,,,,,,,
174,1725715735.8986127,,,,,,,,,,,,,,,,,,,,0.0 percent,,,,,,,,,,,
175,1725715735.9407017,,,,,,,,,,,,,,,,,,,,,255.0 count,,,,,,,,,,
176,1725715735.9825191,,,,,,,,,,,,,,,,,,,,,,52041.0 kilometer,,,,,,,,,
177,1725715736.01872,,,,,,,,,,,,,,,,,,,,,,,100 kilopascal,,,,,,,,
178,1725715736.0603082,,,,,,,,,,,,,,,,,,,,,,,,01101010110100000000000000000000,,,,,,,
179,1725715736.1025264,,,,,,,,,,,,,,,,,,,,,,,,,13.829 volt,,,,,,
180,1725715736.144598,,,,,,,,,,,,,,,,,,,,,,,,,,16.07843137254902 percent,,,,,
181,1725715736.1928403,,,,,,,,,,,,,,,,,,,,,,,,,,,5.098039215686274 percent,,,,
182,1725715736.2286232,,,,,,,,,,,,,,,,,,,,,,,,,,,,15.294117647058824 percent,,,
183,1725715736.2707262,,,,,,,,,,,,,,,,,,,,,,,,,,,,,14.901960784313726 percent,,
184,1725715736.3127441,,,,,,,,,,,,,,,,,,,,,,,,,,,,,,7.450980392156863 percent,
185,1725715736.3486977,,,,,,,,,,,,,,,,,,,,,,,,,,,,,,,6.666666666666667 percent
186,1725715736.642754,<obd.OBDResponse.Status object at 0x7fdf648afa90>,,,,,,,,,,,,,,,,,,,,,,,,,,,,,,
187,1725715736.6785254,,"('Closed loop, using oxygen sensor feedback to determine fuel mix', '')",,,,,,,,,,,,,,,,,,,,,,,,,,,,,
188,1725715736.7208455,,,20.392156862745097 percent,,,,,,,,,,,,,,,,,,,,,,,,,,,,
189,1725715736.762578,,,,63 degree_Celsius,,,,,,,,,,,,,,,,,,,,,,,,,,,
190,1725715736.7988093,,,,,-1.5625 percent,,,,,,,,,,,,,,,,,,,,,,,,,,
191,1725715736.8408222,,,,,,3.125 percent,,,,,,,,,,,,,,,,,,,,,,,,,
192,1725715736.8826342,,,,,,,28 kilopascal,,,,,,,,,,,,,,,,,,,,,,,,
193,1725715736.9245276,,,,,,,,810.0 revolutions_per_minute,,,,,,,,,,,,,,,,,,,,,,,
194,1725715736.9725041,,,,,,,,,0.0 kilometer_per_hour,,,,,,,,,,,,,,,,,,,,,,
195,1725715737.0088084,,,,,,,,,,11.0 degree,,,,,,,,,,,,,,,,,,,,,
196,1725715737.0504951,,,,,,,,,,,38 degree_Celsius,,,,,,,,,,,,,,,,,,,,
197,1725715737.0925508,,,,,,,,,,,,14.901960784313726 percent,,,,,,,,,,,,,,,,,,,
198,1725715737.1282575,,,,,,,,,,,,,"((), (False, False, False, False), (False, False, True, True))",,,,,,,,,,,,,,,,,,
199,1725715737.1705985,,,,,,,,,,,,,,0.29 volt,,,,,,,,,,,,,,,,,
200,1725715737.2122717,,,,,,,,,,,,,,,0.685 volt,,,,,,,,,,,,,,,,
201,1725715737.2480726,,,,,,,,,,,,,,,,India OBD II (IOBD II),,,,,,,,,,,,,,,
202,1725715737.2904692,,,,,,,,,,,,,,,,,165.0 second,,,,,,,,,,,,,,
203,1725715737.3324385,,,,,,,,,,,,,,,,,,10000000000001011010000000000001,,,,,,,,,,,,,
204,1725715737.368545,,,,,,,,,,,,,,,,,,,0.0 kilometer,,,,,,,,,,,,
205,1725715737.410722,,,,,,,,,,,,,,,,,,,,0.0 percent,,,,,,,,,,,
206,1725715737.4525332,,,,,,,,,,,,,,,,,,,,,255.0 count,,,,,,,,,,
207,1725715737.4884949,,,,,,,,,,,,,,,,,,,,,,52041.0 kilometer,,,,,,,,,
208,1725715737.5307107,,,,,,,,,,,,,,,,,,,,,,,100 kilopascal,,,,,,,,
209,1725715737.5722857,,,,,,,,,,,,,,,,,,,,,,,,01101010110100000000000000000000,,,,,,,
210,1725715737.6084182,,,,,,,,,,,,,,,,,,,,,,,,,13.805 volt,,,,,,
211,1725715737.6506531,,,,,,,,,,,,,,,,,,,,,,,,,,16.07843137254902 percent,,,,,
212,1725715737.6926613,,,,,,,,,,,,,,,,,,,,,,,,,,,5.490196078431373 percent,,,,
213,1725715737.7346866,,,,,,,,,,,,,,,,,,,,,,,,,,,,15.294117647058824 percent,,,
214,1725715737.782847,,,,,,,,,,,,,,,,,,,,,,,,,,,,,14.901960784313726 percent,,
215,1725715737.8308623,,,,,,,,,,,,,,,,,,,,,,,,,,,,,,7.450980392156863 percent,
216,1725715737.8729131,,,,,,,,,,,,,,,,,,,,,,,,,,,,,,,6.666666666666667 percent
217,1725715738.1725266,<obd.OBDResponse.Status object at 0x7fdf6489d8d0>,,,,,,,,,,,,,,,,,,,,,,,,,,,,,,
218,1725715738.2144516,,"('Closed loop, using oxygen sensor feedback to determine fuel mix', '')",,,,,,,,,,,,,,,,,,,,,,,,,,,,,
219,1725715738.250727,,,20.0 percent,,,,,,,,,,,,,,,,,,,,,,,,,,,,
220,1725715738.2926927,,,,63 degree_Celsius,,,,,,,,,,,,,,,,,,,,,,,,,,,
221,1725715738.3350132,,,,,-3.125 percent,,,,,,,,,,,,,,,,,,,,,,,,,,
222,1725715738.3827798,,,,,,3.125 percent,,,,,,,,,,,,,,,,,,,,,,,,,
223,1725715738.4245744,,,,,,,28 kilopascal,,,,,,,,,,,,,,,,,,,,,,,,
224,1725715738.4725175,,,,,,,,789.5 revolutions_per_minute,,,,,,,,,,,,,,,,,,,,,,,
225,1725715738.5144823,,,,,,,,,0.0 kilometer_per_hour,,,,,,,,,,,,,,,,,,,,,,
226,1725715738.5506968,,,,,,,,,,12.5 degree,,,,,,,,,,,,,,,,,,,,,
227,1725715738.5926328,,,,,,,,,,,38 degree_Celsius,,,,,,,,,,,,,,,,,,,,
228,1725715738.6346855,,,,,,,,,,,,14.901960784313726 percent,,,,,,,,,,,,,,,,,,,
229,1725715738.6824493,,,,,,,,,,,,,"((), (False, False, False, False), (False, False, True, True))",,,,,,,,,,,,,,,,,,
230,1725715738.724564,,,,,,,,,,,,,,0.815 volt,,,,,,,,,,,,,,,,,
231,1725715738.772697,,,,,,,,,,,,,,,0.675 volt,,,,,,,,,,,,,,,,
232,1725715738.8140264,,,,,,,,,,,,,,,,India OBD II (IOBD II),,,,,,,,,,,,,,,
233,1725715738.8504677,,,,,,,,,,,,,,,,,167.0 second,,,,,,,,,,,,,,
234,1725715738.8923965,,,,,,,,,,,,,,,,,,10000000000001011010000000000001,,,,,,,,,,,,,
235,1725715738.9344628,,,,,,,,,,,,,,,,,,,0.0 kilometer,,,,,,,,,,,,
236,1725715738.9827983,,,,,,,,,,,,,,,,,,,,0.0 percent,,,,,,,,,,,
237,1725715739.0243263,,,,,,,,,,,,,,,,,,,,,255.0 count,,,,,,,,,,
238,1725715739.0726118,,,,,,,,,,,,,,,,,,,,,,52041.0 kilometer,,,,,,,,,
239,1725715739.114679,,,,,,,,,,,,,,,,,,,,,,,100 kilopascal,,,,,,,,
240,1725715739.1623755,,,,,,,,,,,,,,,,,,,,,,,,01101010110100000000000000000000,,,,,,,
241,1725715739.2044826,,,,,,,,,,,,,,,,,,,,,,,,,13.711 volt,,,,,,
242,1725715739.2405486,,,,,,,,,,,,,,,,,,,,,,,,,,16.07843137254902 percent,,,,,
243,1725715739.282759,,,,,,,,,,,,,,,,,,,,,,,,,,,5.098039215686274 percent,,,,
244,1725715739.3248208,,,,,,,,,,,,,,,,,,,,,,,,,,,,15.294117647058824 percent,,,
245,1725715739.3727572,,,,,,,,,,,,,,,,,,,,,,,,,,,,,14.901960784313726 percent,,
246,1725715739.4147582,,,,,,,,,,,,,,,,,,,,,,,,,,,,,,7.450980392156863 percent,
247,1725715739.4628415,,,,,,,,,,,,,,,,,,,,,,,,,,,,,,,6.666666666666667 percent
248,1725715739.7506087,<obd.OBDResponse.Status object at 0x7fdf64aa6610>,,,,,,,,,,,,,,,,,,,,,,,,,,,,,,
249,1725715739.7926009,,"('Closed loop, using oxygen sensor feedback to determine fuel mix', '')",,,,,,,,,,,,,,,,,,,,,,,,,,,,,
250,1725715739.8348153,,,20.392156862745097 percent,,,,,,,,,,,,,,,,,,,,,,,,,,,,
251,1725715739.8826194,,,,63 degree_Celsius,,,,,,,,,,,,,,,,,,,,,,,,,,,
252,1725715739.924585,,,,,-5.46875 percent,,,,,,,,,,,,,,,,,,,,,,,,,,
253,1725715739.972731,,,,,,3.125 percent,,,,,,,,,,,,,,,,,,,,,,,,,
254,1725715740.0146754,,,,,,,28 kilopascal,,,,,,,,,,,,,,,,,,,,,,,,
255,1725715740.0504718,,,,,,,,795.5 revolutions_per_minute,,,,,,,,,,,,,,,,,,,,,,,
256,1725715740.0925188,,,,,,,,,0.0 kilometer_per_hour,,,,,,,,,,,,,,,,,,,,,,
257,1725715740.1345608,,,,,,,,,,12.5 degree,,,,,,,,,,,,,,,,,,,,,
258,1725715740.1825254,,,,,,,,,,,38 degree_Celsius,,,,,,,,,,,,,,,,,,,,
259,1725715740.2246666,,,,,,,,,,,,14.901960784313726 percent,,,,,,,,,,,,,,,,,,,
260,1725715740.2723384,,,,,,,,,,,,,"((), (False, False, False, False), (False, False, True, True))",,,,,,,,,,,,,,,,,,
261,1725715740.314811,,,,,,,,,,,,,,0.14 volt,,,,,,,,,,,,,,,,,
262,1725715740.362804,,,,,,,,,,,,,,,0.66 volt,,,,,,,,,,,,,,,,
263,1725715740.4043875,,,,,,,,,,,,,,,,India OBD II (IOBD II),,,,,,,,,,,,,,,
264,1725715740.4403906,,,,,,,,,,,,,,,,,169.0 second,,,,,,,,,,,,,,
265,1725715740.4823792,,,,,,,,,,,,,,,,,,10000000000001011010000000000001,,,,,,,,,,,,,
266,1725715740.5244927,,,,,,,,,,,,,,,,,,,0.0 kilometer,,,,,,,,,,,,
267,1725715740.5725594,,,,,,,,,,,,,,,,,,,,0.0 percent,,,,,,,,,,,
268,1725715740.6145837,,,,,,,,,,,,,,,,,,,,,255.0 count,,,,,,,,,,
269,1725715740.6624942,,,,,,,,,,,,,,,,,,,,,,52041.0 kilometer,,,,,,,,,
270,1725715740.7047753,,,,,,,,,,,,,,,,,,,,,,,100 kilopascal,,,,,,,,
271,1725715740.7523696,,,,,,,,,,,,,,,,,,,,,,,,01101010110100000000000000000000,,,,,,,
272,1725715740.7944694,,,,,,,,,,,,,,,,,,,,,,,,,13.805 volt,,,,,,
273,1725715740.8425326,,,,,,,,,,,,,,,,,,,,,,,,,,16.470588235294116 percent,,,,,
274,1725715740.8846927,,,,,,,,,,,,,,,,,,,,,,,,,,,5.490196078431373 percent,,,,
275,1725715740.9328008,,,,,,,,,,,,,,,,,,,,,,,,,,,,15.294117647058824 percent,,,
276,1725715740.9745195,,,,,,,,,,,,,,,,,,,,,,,,,,,,,14.901960784313726 percent,,
277,1725715741.0226603,,,,,,,,,,,,,,,,,,,,,,,,,,,,,,7.450980392156863 percent,
278,1725715741.0645466,,,,,,,,,,,,,,,,,,,,,,,,,,,,,,,6.666666666666667 percent
279,1725715741.3646019,<obd.OBDResponse.Status object at 0x7fdf648b6590>,,,,,,,,,,,,,,,,,,,,,,,,,,,,,,
280,1725715741.4123847,,"('Closed loop, using oxygen sensor feedback to determine fuel mix', '')",,,,,,,,,,,,,,,,,,,,,,,,,,,,,
281,1725715741.454683,,,20.392156862745097 percent,,,,,,,,,,,,,,,,,,,,,,,,,,,,
282,1725715741.4905179,,,,63 degree_Celsius,,,,,,,,,,,,,,,,,,,,,,,,,,,
283,1725715741.532719,,,,,-1.5625 percent,,,,,,,,,,,,,,,,,,,,,,,,,,
284,1725715741.5741136,,,,,,3.125 percent,,,,,,,,,,,,,,,,,,,,,,,,,
285,1725715741.6104894,,,,,,,28 kilopascal,,,,,,,,,,,,,,,,,,,,,,,,
286,1725715741.6523705,,,,,,,,809.0 revolutions_per_minute,,,,,,,,,,,,,,,,,,,,,,,
287,1725715741.6943364,,,,,,,,,0.0 kilometer_per_hour,,,,,,,,,,,,,,,,,,,,,,
288,1725715741.73061,,,,,,,,,,11.0 degree,,,,,,,,,,,,,,,,,,,,,
289,1725715741.772576,,,,,,,,,,,38 degree_Celsius,,,,,,,,,,,,,,,,,,,,
290,1725715741.814671,,,,,,,,,,,,14.901960784313726 percent,,,,,,,,,,,,,,,,,,,
291,1725715741.8624773,,,,,,,,,,,,,"((), (False, False, False, False), (False, False, True, True))",,,,,,,,,,,,,,,,,,
292,1725715741.9044237,,,,,,,,,,,,,,0.63 volt,,,,,,,,,,,,,,,,,
293,1725715741.9407034,,,,,,,,,,,,,,,0.675 volt,,,,,,,,,,,,,,,,
294,1725715741.9823642,,,,,,,,,,,,,,,,India OBD II (IOBD II),,,,,,,,,,,,,,,
295,1725715742.0244844,,,,,,,,,,,,,,,,,170.0 second,,,,,,,,,,,,,,
296,1725715742.0725093,,,,,,,,,,,,,,,,,,10000000000001011010000000000001,,,,,,,,,,,,,
297,1725715742.1145494,,,,,,,,,,,,,,,,,,,0.0 kilometer,,,,,,,,,,,,
298,1725715742.1508253,,,,,,,,,,,,,,,,,,,,0.0 percent,,,,,,,,,,,
299,1725715742.192535,,,,,,,,,,,,,,,,,,,,,255.0 count,,,,,,,,,,
300,1725715742.234358,,,,,,,,,,,,,,,,,,,,,,52041.0 kilometer,,,,,,,,,
301,1725715742.2705374,,,,,,,,,,,,,,,,,,,,,,,100 kilopascal,,,,,,,,
302,1725715742.3124812,,,,,,,,,,,,,,,,,,,,,,,,01101010110100000000000000000000,,,,,,,
303,1725715742.3545334,,,,,,,,,,,,,,,,,,,,,,,,,13.829 volt,,,,,,
304,1725715742.3907197,,,,,,,,,,,,,,,,,,,,,,,,,,16.07843137254902 percent,,,,,
305,1725715742.4326026,,,,,,,,,,,,,,,,,,,,,,,,,,,5.098039215686274 percent,,,,
306,1725715742.4746742,,,,,,,,,,,,,,,,,,,,,,,,,,,,15.294117647058824 percent,,,
307,1725715742.522661,,,,,,,,,,,,,,,,,,,,,,,,,,,,,14.901960784313726 percent,,
308,1725715742.5647047,,,,,,,,,,,,,,,,,,,,,,,,,,,,,,7.450980392156863 percent,
309,1725715742.612842,,,,,,,,,,,,,,,,,,,,,,,,,,,,,,,6.666666666666667 percent
310,1725715742.900469,<obd.OBDResponse.Status object at 0x7fdf648b73d0>,,,,,,,,,,,,,,,,,,,,,,,,,,,,,,
311,1725715742.9423985,,"('Closed loop, using oxygen sensor feedback to determine fuel mix', '')",,,,,,,,,,,,,,,,,,,,,,,,,,,,,
312,1725715742.9846733,,,20.392156862745097 percent,,,,,,,,,,,,,,,,,,,,,,,,,,,,
313,1725715743.0322773,,,,64 degree_Celsius,,,,,,,,,,,,,,,,,,,,,,,,,,,
314,1725715743.074788,,,,,-3.90625 percent,,,,,,,,,,,,,,,,,,,,,,,,,,
315,1725715743.1227267,,,,,,3.125 percent,,,,,,,,,,,,,,,,,,,,,,,,,
316,1725715743.1648288,,,,,,,28 kilopascal,,,,,,,,,,,,,,,,,,,,,,,,
317,1725715743.2125745,,,,,,,,793.0 revolutions_per_minute,,,,,,,,,,,,,,,,,,,,,,,
318,1725715743.2544603,,,,,,,,,0.0 kilometer_per_hour,,,,,,,,,,,,,,,,,,,,,,
319,1725715743.2906618,,,,,,,,,,12.5 degree,,,,,,,,,,,,,,,,,,,,,
320,1725715743.3325465,,,,,,,,,,,38 degree_Celsius,,,,,,,,,,,,,,,,,,,,
321,1725715743.3746457,,,,,,,,,,,,14.901960784313726 percent,,,,,,,,,,,,,,,,,,,
322,1725715743.4224246,,,,,,,,,,,,,"((), (False, False, False, False), (False, False, True, True))",,,,,,,,,,,,,,,,,,
323,1725715743.4647207,,,,,,,,,,,,,,0.755 volt,,,,,,,,,,,,,,,,,
324,1725715743.5127158,,,,,,,,,,,,,,,0.66 volt,,,,,,,,,,,,,,,,
325,1725715743.5544758,,,,,,,,,,,,,,,,India OBD II (IOBD II),,,,,,,,,,,,,,,
326,1725715743.5905554,,,,,,,,,,,,,,,,,172.0 second,,,,,,,,,,,,,,
327,1725715743.6324782,,,,,,,,,,,,,,,,,,10000000000001011010000000000001,,,,,,,,,,,,,
328,1725715743.674507,,,,,,,,,,,,,,,,,,,0.0 kilometer,,,,,,,,,,,,
329,1725715743.722817,,,,,,,,,,,,,,,,,,,,0.0 percent,,,,,,,,,,,
330,1725715743.7644563,,,,,,,,,,,,,,,,,,,,,255.0 count,,,,,,,,,,
331,1725715743.8124318,,,,,,,,,,,,,,,,,,,,,,52041.0 kilometer,,,,,,,,,
332,1725715743.854675,,,,,,,,,,,,,,,,,,,,,,,100 kilopascal,,,,,,,,
333,1725715743.8904128,,,,,,,,,,,,,,,,,,,,,,,,01101010110100000000000000000000,,,,,,,
334,1725715743.9325187,,,,,,,,,,,,,,,,,,,,,,,,,13.711 volt,,,,,,
335,1725715743.9747713,,,,,,,,,,,,,,,,,,,,,,,,,,16.07843137254902 percent,,,,,
336,1725715744.0228593,,,,,,,,,,,,,,,,,,,,,,,,,,,5.098039215686274 percent,,,,
337,1725715744.0647726,,,,,,,,,,,,,,,,,,,,,,,,,,,,15.294117647058824 percent,,,
338,1725715744.1128569,,,,,,,,,,,,,,,,,,,,,,,,,,,,,14.901960784313726 percent,,
339,1725715744.1545882,,,,,,,,,,,,,,,,,,,,,,,,,,,,,,7.450980392156863 percent,
340,1725715744.2025232,,,,,,,,,,,,,,,,,,,,,,,,,,,,,,,6.666666666666667 percent
341,1725715744.4905684,<obd.OBDResponse.Status object at 0x7fdf648b7f90>,,,,,,,,,,,,,,,,,,,,,,,,,,,,,,
342,1725715744.5325398,,"('Closed loop, using oxygen sensor feedback to determine fuel mix', '')",,,,,,,,,,,,,,,,,,,,,,,,,,,,,
343,1725715744.5747914,,,20.392156862745097 percent,,,,,,,,,,,,,,,,,,,,,,,,,,,,
344,1725715744.6226377,,,,64 degree_Celsius,,,,,,,,,,,,,,,,,,,,,,,,,,,
345,1725715744.6645255,,,,,-3.90625 percent,,,,,,,,,,,,,,,,,,,,,,,,,,
346,1725715744.7127378,,,,,,3.125 percent,,,,,,,,,,,,,,,,,,,,,,,,,
347,1725715744.7547276,,,,,,,28 kilopascal,,,,,,,,,,,,,,,,,,,,,,,,
348,1725715744.802506,,,,,,,,801.0 revolutions_per_minute,,,,,,,,,,,,,,,,,,,,,,,
349,1725715744.844509,,,,,,,,,0.0 kilometer_per_hour,,,,,,,,,,,,,,,,,,,,,,
350,1725715744.8806856,,,,,,,,,,13.5 degree,,,,,,,,,,,,,,,,,,,,,
351,1725715744.9224124,,,,,,,,,,,38 degree_Celsius,,,,,,,,,,,,,,,,,,,,
352,1725715744.964721,,,,,,,,,,,,14.901960784313726 percent,,,,,,,,,,,,,,,,,,,
353,1725715745.0124078,,,,,,,,,,,,,"((), (False, False, False, False), (False, False, True, True))",,,,,,,,,,,,,,,,,,
354,1725715745.054822,,,,,,,,,,,,,,0.12 volt,,,,,,,,,,,,,,,,,
355,1725715745.102827,,,,,,,,,,,,,,,0.67 volt,,,,,,,,,,,,,,,,
356,1725715745.1442084,,,,,,,,,,,,,,,,India OBD II (IOBD II),,,,,,,,,,,,,,,
357,1725715745.1805656,,,,,,,,,,,,,,,,,173.0 second,,,,,,,,,,,,,,
358,1725715745.222412,,,,,,,,,,,,,,,,,,10000000000001011010000000000001,,,,,,,,,,,,,
359,1725715745.2645004,,,,,,,,,,,,,,,,,,,0.0 kilometer,,,,,,,,,,,,
360,1725715745.3127205,,,,,,,,,,,,,,,,,,,,0.0 percent,,,,,,,,,,,
361,1725715745.354494,,,,,,,,,,,,,,,,,,,,,255.0 count,,,,,,,,,,
362,1725715745.3906054,,,,,,,,,,,,,,,,,,,,,,52041.0 kilometer,,,,,,,,,
363,1725715745.4330263,,,,,,,,,,,,,,,,,,,,,,,100 kilopascal,,,,,,,,
364,1725715745.4742823,,,,,,,,,,,,,,,,,,,,,,,,01101010110100000000000000000000,,,,,,,
365,1725715745.5225778,,,,,,,,,,,,,,,,,,,,,,,,,13.829 volt,,,,,,
366,1725715745.5646782,,,,,,,,,,,,,,,,,,,,,,,,,,16.07843137254902 percent,,,,,
367,1725715745.6128373,,,,,,,,,,,,,,,,,,,,,,,,,,,5.098039215686274 percent,,,,
368,1725715745.6549823,,,,,,,,,,,,,,,,,,,,,,,,,,,,15.294117647058824 percent,,,
369,1725715745.7026403,,,,,,,,,,,,,,,,,,,,,,,,,,,,,14.901960784313726 percent,,
370,1725715745.7447686,,,,,,,,,,,,,,,,,,,,,,,,,,,,,,7.450980392156863 percent,
371,1725715745.7926817,,,,,,,,,,,,,,,,,,,,,,,,,,,,,,,6.666666666666667 percent
372,1725715746.0805414,<obd.OBDResponse.Status object at 0x7fdf648ab050>,,,,,,,,,,,,,,,,,,,,,,,,,,,,,,
373,1725715746.1223922,,"('Closed loop, using oxygen sensor feedback to determine fuel mix', '')",,,,,,,,,,,,,,,,,,,,,,,,,,,,,
374,1725715746.1642768,,,20.392156862745097 percent,,,,,,,,,,,,,,,,,,,,,,,,,,,,
375,1725715746.2123616,,,,64 degree_Celsius,,,,,,,,,,,,,,,,,,,,,,,,,,,
376,1725715746.2547042,,,,,-1.5625 percent,,,,,,,,,,,,,,,,,,,,,,,,,,
377,1725715746.2907126,,,,,,3.125 percent,,,,,,,,,,,,,,,,,,,,,,,,,
378,1725715746.3328323,,,,,,,28 kilopascal,,,,,,,,,,,,,,,,,,,,,,,,
379,1725715746.3745213,,,,,,,,807.5 revolutions_per_minute,,,,,,,,,,,,,,,,,,,,,,,
380,1725715746.4224973,,,,,,,,,0.0 kilometer_per_hour,,,,,,,,,,,,,,,,,,,,,,
381,1725715746.464967,,,,,,,,,,10.5 degree,,,,,,,,,,,,,,,,,,,,,
382,1725715746.5125673,,,,,,,,,,,38 degree_Celsius,,,,,,,,,,,,,,,,,,,,
383,1725715746.554705,,,,,,,,,,,,14.901960784313726 percent,,,,,,,,,,,,,,,,,,,
384,1725715746.602398,,,,,,,,,,,,,"((), (False, False, False, False), (False, False, True, True))",,,,,,,,,,,,,,,,,,
385,1725715746.6440973,,,,,,,,,,,,,,0.805 volt,,,,,,,,,,,,,,,,,
386,1725715746.6802146,,,,,,,,,,,,,,,0.665 volt,,,,,,,,,,,,,,,,
387,1725715746.7219229,,,,,,,,,,,,,,,,India OBD II (IOBD II),,,,,,,,,,,,,,,
388,1725715746.7642658,,,,,,,,,,,,,,,,,175.0 second,,,,,,,,,,,,,,
389,1725715746.8000553,,,,,,,,,,,,,,,,,,10000000000001011010000000000001,,,,,,,,,,,,,
390,1725715746.842487,,,,,,,,,,,,,,,,,,,0.0 kilometer,,,,,,,,,,,,
391,1725715746.884676,,,,,,,,,,,,,,,,,,,,0.0 percent,,,,,,,,,,,
392,1725715746.9324477,,,,,,,,,,,,,,,,,,,,,255.0 count,,,,,,,,,,
393,1725715746.9744937,,,,,,,,,,,,,,,,,,,,,,52041.0 kilometer,,,,,,,,,
394,1725715747.0226057,,,,,,,,,,,,,,,,,,,,,,,100 kilopascal,,,,,,,,
395,1725715747.064336,,,,,,,,,,,,,,,,,,,,,,,,01101010110100000000000000000000,,,,,,,
396,1725715747.1124177,,,,,,,,,,,,,,,,,,,,,,,,,13.758000000000001 volt,,,,,,
397,1725715747.1545749,,,,,,,,,,,,,,,,,,,,,,,,,,16.07843137254902 percent,,,,,
398,1725715747.1906943,,,,,,,,,,,,,,,,,,,,,,,,,,,5.098039215686274 percent,,,,
399,1725715747.2325768,,,,,,,,,,,,,,,,,,,,,,,,,,,,15.294117647058824 percent,,,
400,1725715747.274608,,,,,,,,,,,,,,,,,,,,,,,,,,,,,14.901960784313726 percent,,
401,1725715747.3226793,,,,,,,,,,,,,,,,,,,,,,,,,,,,,,7.450980392156863 percent,
402,1725715747.3643348,,,,,,,,,,,,,,,,,,,,,,,,,,,,,,,6.666666666666667 percent
