,Start_Time,SPEED,Engine Load,Coolant Temp,MAF,Timing Advance,Short Trim B1,Long Trim B1,Throttle_pos,End_Time
0,1725474693.6054788,68.0 kilometer_per_hour,0.0 percent,83 degree_Celsius,13.11 gps,,,,100.0 percent,1725474693.6133087
1,1725474693.8679821,64.0 kilometer_per_hour,0.0 percent,83 degree_Celsius,13.11 gps,,,,100.0 percent,1725474693.8941815
2,1725474694.1491854,60.0 kilometer_per_hour,0.0 percent,83 degree_Celsius,13.11 gps,,,,100.0 percent,1725474694.1742659
3,1725474694.4291904,56.0 kilometer_per_hour,0.0 percent,83 degree_Celsius,13.11 gps,,,,100.0 percent,1725474694.4534047
4,1725474694.7084613,52.0 kilometer_per_hour,0.0 percent,83 degree_Celsius,13.11 gps,,,,100.0 percent,1725474694.7338521
5,1725474694.9888802,48.0 kilometer_per_hour,0.0 percent,83 degree_Celsius,13.11 gps,,,,100.0 percent,1725474695.0138266
6,1725474695.2681046,44.0 kilometer_per_hour,0.0 percent,83 degree_Celsius,13.11 gps,,,,100.0 percent,1725474695.2920175
7,1725474695.547075,40.0 kilometer_per_hour,0.0 percent,83 degree_Celsius,13.11 gps,,,,100.0 percent,1725474695.5740743
8,1725474695.8282232,36.0 kilometer_per_hour,0.0 percent,83 degree_Celsius,13.11 gps,,,,100.0 percent,1725474695.851817
9,1725474696.106906,32.0 kilometer_per_hour,0.0 percent,83 degree_Celsius,13.11 gps,,,,100.0 percent,1725474696.1139996
10,1725474696.367924,28.0 kilometer_per_hour,0.0 percent,83 degree_Celsius,13.11 gps,,,,100.0 percent,1725474696.3917625
11,1725474696.6465366,24.0 kilometer_per_hour,0.0 percent,83 degree_Celsius,13.11 gps,,,,100.0 percent,1725474696.6706958
12,1725474696.92568,20.0 kilometer_per_hour,0.0 percent,83 degree_Celsius,13.11 gps,,,,100.0 percent,1725474696.932809
13,1725474697.1882374,16.0 kilometer_per_hour,0.0 percent,83 degree_Celsius,13.11 gps,,,,100.0 percent,1725474697.2134879
14,1725474697.4681365,12.0 kilometer_per_hour,0.0 percent,83 degree_Celsius,13.11 gps,,,,100.0 percent,1725474697.4922194
15,1725474697.747414,8.0 kilometer_per_hour,0.0 percent,83 degree_Celsius,13.11 gps,,,,100.0 percent,1725474697.7571464
16,1725474698.0109956,4.0 kilometer_per_hour,0.0 percent,83 degree_Celsius,13.11 gps,,,,100.0 percent,1725474698.0347335
17,1725474698.289443,0.0 kilometer_per_hour,0.0 percent,83 degree_Celsius,13.11 gps,,,,100.0 percent,1725474698.3130074
18,1725474698.5681686,4.0 kilometer_per_hour,0.0 percent,83 degree_Celsius,13.11 gps,,,,100.0 percent,1725474698.5977454
19,1725474698.8527536,8.0 kilometer_per_hour,0.0 percent,83 degree_Celsius,13.11 gps,,,,100.0 percent,1725474698.8625295
20,1725474699.1169496,12.0 kilometer_per_hour,0.0 percent,83 degree_Celsius,13.11 gps,,,,100.0 percent,1725474699.1417997
21,1725474699.3965056,16.0 kilometer_per_hour,0.0 percent,83 degree_Celsius,13.11 gps,,,,100.0 percent,1725474699.4204953
22,1725474699.6755617,20.0 kilometer_per_hour,0.0 percent,83 degree_Celsius,13.11 gps,,,,100.0 percent,1725474699.6995354
23,1725474699.9549508,24.0 kilometer_per_hour,0.0 percent,83 degree_Celsius,13.11 gps,,,,100.0 percent,1725474699.983037
24,1725474700.237741,28.0 kilometer_per_hour,0.0 percent,83 degree_Celsius,13.11 gps,,,,100.0 percent,1725474700.2617877
25,1725474700.51592,32.0 kilometer_per_hour,0.0 percent,83 degree_Celsius,13.11 gps,,,,100.0 percent,1725474700.5220335
26,1725474700.77634,36.0 kilometer_per_hour,0.0 percent,83 degree_Celsius,13.11 gps,,,,100.0 percent,1725474700.8011568
27,1725474701.0561035,40.0 kilometer_per_hour,0.0 percent,83 degree_Celsius,13.11 gps,,,,100.0 percent,1725474701.08078
28,1725474701.3360696,44.0 kilometer_per_hour,0.0 percent,83 degree_Celsius,13.11 gps,,,,100.0 percent,1725474701.3622143
29,1725474701.6169913,48.0 kilometer_per_hour,0.0 percent,83 degree_Celsius,13.11 gps,,,,100.0 percent,1725474701.6409883
30,1725474701.8960567,52.0 kilometer_per_hour,0.0 percent,83 degree_Celsius,13.11 gps,,,,100.0 percent,1725474701.920851
31,1725474702.175885,56.0 kilometer_per_hour,0.0 percent,83 degree_Celsius,13.11 gps,,,,100.0 percent,1725474702.1861038
32,1725474702.4398654,60.0 kilometer_per_hour,0.0 percent,83 degree_Celsius,13.11 gps,,,,100.0 percent,1725474702.4638717
33,1725474702.719229,64.0 kilometer_per_hour,0.0 percent,83 degree_Celsius,13.11 gps,,,,100.0 percent,1725474702.7457876
34,1725474703.001398,68.0 kilometer_per_hour,0.0 percent,83 degree_Celsius,13.11 gps,,,,100.0 percent,1725474703.0284095
35,1725474703.2834342,72.0 kilometer_per_hour,0.0 percent,83 degree_Celsius,13.11 gps,,,,100.0 percent,1725474703.3084185
36,1725474703.5640132,76.0 kilometer_per_hour,0.0 percent,83 degree_Celsius,13.11 gps,,,,100.0 percent,1725474703.5916083
37,1725474703.8466594,80.0 kilometer_per_hour,0.0 percent,83 degree_Celsius,13.11 gps,,,,100.0 percent,1725474703.8721752
38,1725474704.1277907,84.0 kilometer_per_hour,0.0 percent,83 degree_Celsius,13.11 gps,,,,100.0 percent,1725474704.154131
39,1725474704.4150321,88.0 kilometer_per_hour,0.0 percent,83 degree_Celsius,13.11 gps,,,,100.0 percent,1725474704.442235
40,1725474704.6977646,92.0 kilometer_per_hour,0.0 percent,83 degree_Celsius,13.11 gps,,,,100.0 percent,1725474704.7244668
41,1725474704.9799943,96.0 kilometer_per_hour,0.0 percent,83 degree_Celsius,13.11 gps,,,,100.0 percent,1725474705.006819
42,1725474705.2617009,100.0 kilometer_per_hour,0.0 percent,83 degree_Celsius,13.11 gps,,,,100.0 percent,1725474705.287055
43,1725474705.542462,104.0 kilometer_per_hour,0.0 percent,83 degree_Celsius,13.11 gps,,,,100.0 percent,1725474705.569338
44,1725474705.8243823,108.0 kilometer_per_hour,0.0 percent,83 degree_Celsius,13.11 gps,,,,100.0 percent,1725474705.8499906
45,1725474706.104433,112.0 kilometer_per_hour,0.0 percent,83 degree_Celsius,13.11 gps,,,,100.0 percent,1725474706.1148472
46,1725474706.3694253,116.0 kilometer_per_hour,0.0 percent,83 degree_Celsius,13.11 gps,,,,100.0 percent,1725474706.3940814
47,1725474706.6491961,120.0 kilometer_per_hour,0.0 percent,83 degree_Celsius,13.11 gps,,,,100.0 percent,1725474706.674731
48,1725474706.9298365,116.0 kilometer_per_hour,0.0 percent,83 degree_Celsius,13.11 gps,,,,100.0 percent,1725474706.954948
49,1725474707.208777,112.0 kilometer_per_hour,0.0 percent,83 degree_Celsius,13.11 gps,,,,100.0 percent,1725474707.216339
50,1725474707.4712827,108.0 kilometer_per_hour,0.0 percent,83 degree_Celsius,13.11 gps,,,,100.0 percent,1725474707.4963038
51,1725474707.7516701,104.0 kilometer_per_hour,0.0 percent,83 degree_Celsius,13.11 gps,,,,100.0 percent,1725474707.777103
52,1725474708.0324438,100.0 kilometer_per_hour,0.0 percent,83 degree_Celsius,13.11 gps,,,,100.0 percent,1725474708.0584953
53,1725474708.314003,96.0 kilometer_per_hour,0.0 percent,83 degree_Celsius,13.11 gps,,,,100.0 percent,1725474708.3396935
54,1725474708.594818,92.0 kilometer_per_hour,0.0 percent,83 degree_Celsius,13.11 gps,,,,100.0 percent,1725474708.6062086
55,1725474708.8614507,88.0 kilometer_per_hour,0.0 percent,83 degree_Celsius,13.11 gps,,,,100.0 percent,1725474708.885797
56,1725474709.1402144,84.0 kilometer_per_hour,0.0 percent,83 degree_Celsius,13.11 gps,,,,100.0 percent,1725474709.1497703
57,1725474709.4036777,80.0 kilometer_per_hour,0.0 percent,83 degree_Celsius,13.11 gps,,,,100.0 percent,1725474709.409701
58,1725474709.6635573,76.0 kilometer_per_hour,0.0 percent,83 degree_Celsius,13.11 gps,,,,100.0 percent,1725474709.6732605
59,1725474709.9270453,72.0 kilometer_per_hour,0.0 percent,83 degree_Celsius,13.11 gps,,,,100.0 percent,1725474709.9507074
60,1725474710.2055783,68.0 kilometer_per_hour,0.0 percent,83 degree_Celsius,13.11 gps,,,,100.0 percent,1725474710.2343788
61,1725474710.489834,64.0 kilometer_per_hour,0.0 percent,83 degree_Celsius,13.11 gps,,,,100.0 percent,1725474710.500606
62,1725474710.7555017,60.0 kilometer_per_hour,0.0 percent,83 degree_Celsius,13.11 gps,,,,100.0 percent,1725474710.7829692
63,1725474711.0382884,56.0 kilometer_per_hour,0.0 percent,83 degree_Celsius,13.11 gps,,,,100.0 percent,1725474711.048446
64,1725474711.3026073,52.0 kilometer_per_hour,0.0 percent,83 degree_Celsius,13.11 gps,,,,100.0 percent,1725474711.3279922
65,1725474711.5836952,48.0 kilometer_per_hour,0.0 percent,83 degree_Celsius,13.11 gps,,,,100.0 percent,1725474711.5944357
66,1725474711.848719,44.0 kilometer_per_hour,0.0 percent,83 degree_Celsius,13.11 gps,,,,100.0 percent,1725474711.8551912
67,1725474712.1068418,40.0 kilometer_per_hour,0.0 percent,83 degree_Celsius,13.11 gps,,,,100.0 percent,1725474712.1146774
68,1725474712.3690987,36.0 kilometer_per_hour,0.0 percent,83 degree_Celsius,13.11 gps,,,,100.0 percent,1725474712.3953862
69,1725474712.6509914,32.0 kilometer_per_hour,0.0 percent,83 degree_Celsius,13.11 gps,,,,100.0 percent,1725474712.6777468
70,1725474712.9322364,28.0 kilometer_per_hour,0.0 percent,83 degree_Celsius,13.11 gps,,,,100.0 percent,1725474712.957113
71,1725474713.2120008,24.0 kilometer_per_hour,0.0 percent,83 degree_Celsius,13.11 gps,,,,100.0 percent,1725474713.2397954
72,1725474713.4950013,20.0 kilometer_per_hour,0.0 percent,83 degree_Celsius,13.11 gps,,,,100.0 percent,1725474713.5209486
