Timestamp,STATUS,FUEL_STATUS,ENGINE_LOAD,COOLANT_TEMP,SHORT_FUEL_TRIM_1,LONG_FUEL_TRIM_1,INTAKE_PRESSURE,RPM,SPEED,TIMING_ADVANCE,INTAKE_TEMP,THROTTLE_POS,O2_SENSORS,O2_B1S2,OBD_COMPLIANCE,RUN_TIME,PIDS_B,DISTANCE_W_MIL,EVAPORATIVE_PURGE,FUEL_LEVEL,WARMUPS_SINCE_DTC_CLEAR,DISTANCE_SINCE_DTC_CLEAR,BAROMETRIC_PRESSURE,O2_S1_WR_CURRENT,CATALYST_TEMP_B1S1,PIDS_C,STATUS_DRIVE_CYCLE,CONTROL_MODULE_VOLTAGE,ABSOLUTE_LOAD,COMMANDED_EQUIV_RATIO,RELATIVE_THROTTLE_POS,AMBIANT_AIR_TEMP,THROTTLE_POS_B,ACCELERATOR_POS_D,ACCELERATOR_POS_E,THROTTLE_ACTUATOR,FUEL_TYPE,LONG_O2_TRIM_B1,Unknown
1727078273.6587794,<obd.OBDResponse.Status object at 0x7f304b3d5b10>,"('Open loop due to engine load OR fuel cut due to deceleration', '')",17.254901960784313,93,0.0,-3.125,33,1065.0,23.0,-4.5,48,13.333333333333334,"((), (False, False, False, False), (False, False, True, True))",0.02,India OBD II (IOBD II),55.0,10000000000001111011000000010001,0.0,0.0,27.84313725490196,132.0,1111.0,100,0.1015625,461.3,11111110110100001000010000000001,<obd.OBDResponse.Status object at 0x7f304b3f5850>,13.14,23.52941176470588,1.132404,2.7450980392156863,31,13.333333333333334,15.294117647058824,15.686274509803921,3.9215686274509802,Gasoline,0.0,
1727078276.5625973,<obd.OBDResponse.Status object at 0x7f304b3f7290>,"('Closed loop, using oxygen sensor feedback to determine fuel mix', '')",34.11764705882353,93,0.0,-3.90625,38,891.0,15.0,12.0,48,13.333333333333334,"((), (False, False, False, False), (False, False, True, True))",0.075,India OBD II (IOBD II),57.0,10000000000001111011000000010001,0.0,0.7843137254901961,27.84313725490196,132.0,1111.0,100,-0.140625,457.90000000000003,11111110110100001000010000000001,<obd.OBDResponse.Status object at 0x7f304b3fc810>,13.14,26.274509803921568,0.934032,3.1372549019607843,31,13.72549019607843,15.294117647058824,15.686274509803921,3.9215686274509802,Gasoline,-0.78125,
1727078278.3325033,<obd.OBDResponse.Status object at 0x7f304b3f6b50>,"('Closed loop, using oxygen sensor feedback to determine fuel mix', '')",31.372549019607842,94,1.5625,-3.90625,39,929.5,9.0,-2.5,48,13.333333333333334,"((), (False, False, False, False), (False, False, True, True))",0.105,India OBD II (IOBD II),59.0,10000000000001111011000000010001,0.0,0.7843137254901961,27.84313725490196,132.0,1111.0,100,-0.2109375,455.20000000000005,11111110110100001000010000000001,<obd.OBDResponse.Status object at 0x7f304b3fe010>,13.14,26.666666666666668,0.900848,3.1372549019607843,31,13.72549019607843,15.294117647058824,15.686274509803921,3.9215686274509802,Gasoline,-0.78125,
1727078280.0843604,<obd.OBDResponse.Status object at 0x7f304b3fdf50>,"('Closed loop, using oxygen sensor feedback to determine fuel mix', '')",30.58823529411765,94,3.125,-3.90625,39,936.0,5.0,-4.0,48,13.72549019607843,"((), (False, False, False, False), (False, False, True, True))",0.145,India OBD II (IOBD II),61.0,10000000000001111011000000010001,0.0,0.7843137254901961,27.84313725490196,132.0,1111.0,100,-0.234375,452.1,11111110110100001000010000000001,<obd.OBDResponse.Status object at 0x7f304b3ff310>,13.120000000000001,26.666666666666668,0.899384,3.9215686274509802,31,14.509803921568627,15.294117647058824,15.686274509803921,5.098039215686274,Gasoline,-0.78125,
1727078281.8538678,<obd.OBDResponse.Status object at 0x7f304b3ff0d0>,"('Closed loop, using oxygen sensor feedback to determine fuel mix', '')",32.94117647058823,94,3.90625,-3.125,43,990.5,2.0,8.0,49,20.784313725490197,"((), (False, False, False, False), (False, False, True, True))",0.685,India OBD II (IOBD II),63.0,10000000000001111011000000010001,0.0,0.0,27.84313725490196,132.0,1111.0,100,-0.1796875,448.1,11111110110100001000010000000001,<obd.OBDResponse.Status object at 0x7f304b4003d0>,13.08,67.05882352941177,0.988932,2.3529411764705883,31,14.901960784313726,15.686274509803921,16.07843137254902,10.980392156862745,Gasoline,-0.78125,
1727078283.6054814,<obd.OBDResponse.Status object at 0x7f304b3fce10>,"('Closed loop, using oxygen sensor feedback to determine fuel mix', '')",85.88235294117646,94,-2.34375,-1.5625,104,1097.0,6.0,0.0,49,58.431372549019606,"((), (False, False, False, False), (False, False, True, True))",0.74,India OBD II (IOBD II),64.0,10000000000001111011000000010001,0.0,0.0,27.84313725490196,132.0,1111.0,100,-0.00390625,444.8,11111110110100001000010000000001,<obd.OBDResponse.Status object at 0x7f304b3fd650>,13.120000000000001,78.0392156862745,0.999424,12.941176470588236,31,23.92156862745098,26.666666666666668,26.274509803921568,14.509803921568627,Gasoline,-0.78125,
1727078285.3630297,<obd.OBDResponse.Status object at 0x7f304b3fce90>,"('Closed loop, using oxygen sensor feedback to determine fuel mix', '')",40.78431372549019,94,1.5625,-1.5625,98,1681.0,13.0,12.0,48,25.098039215686274,"((), (False, False, False, False), (False, False, True, True))",0.71,India OBD II (IOBD II),66.0,10000000000001111011000000010001,0.0,0.0,27.84313725490196,132.0,1111.0,100,-0.015625,447.40000000000003,11111110110100001000010000000001,<obd.OBDResponse.Status object at 0x7f304b3fea10>,13.120000000000001,79.2156862745098,0.999424,56.86274509803921,31,69.80392156862744,36.86274509803921,36.86274509803921,78.82352941176471,Gasoline,-0.78125,
1727078287.1261303,<obd.OBDResponse.Status object at 0x7f304b400310>,"('Closed loop, using oxygen sensor feedback to determine fuel mix', '')",47.05882352941177,95,4.6875,-0.78125,105,2884.5,24.0,13.5,48,76.47058823529412,"((), (False, False, False, False), (False, False, True, True))",0.71,India OBD II (IOBD II),68.0,10000000000001111011000000010001,0.0,0.0,27.84313725490196,132.0,1111.0,100,-0.0078125,470.20000000000005,11111110110100001000010000000001,<obd.OBDResponse.Status object at 0x7f304b3d7c50>,13.08,72.94117647058823,0.999424,70.19607843137256,31,81.56862745098039,36.470588235294116,36.470588235294116,91.76470588235294,Gasoline,-0.78125,
1727078288.890117,<obd.OBDResponse.Status object at 0x7f304b400bd0>,"('Closed loop, using oxygen sensor feedback to determine fuel mix', '')",5.882352941176471,95,-1.5625,-1.5625,31,3644.5,32.0,-2.5,48,16.470588235294116,"((), (False, False, False, False), (False, False, True, True))",0.715,India OBD II (IOBD II),70.0,10000000000001111011000000010001,0.0,0.0,27.84313725490196,132.0,1111.0,100,-0.12890625,496.1,11111110110100001000010000000001,<obd.OBDResponse.Status object at 0x7f304b3fedd0>,13.16,56.470588235294116,0.998448,23.92156862745098,31,43.13725490196079,35.294117647058826,36.86274509803921,82.3529411764706,Gasoline,-0.78125,
1727078290.6836812,<obd.OBDResponse.Status object at 0x7f304b400cd0>,"('Closed loop, using oxygen sensor feedback to determine fuel mix', '')",44.31372549019608,96,4.6875,-0.78125,106,2609.5,38.0,12.0,48,82.74509803921569,"((), (False, False, False, False), (False, False, True, True))",0.265,India OBD II (IOBD II),71.0,10000000000001111011000000010001,0.0,0.0,27.84313725490196,132.0,1111.0,100,-0.06640625,514.0,11111110110100001000010000000001,<obd.OBDResponse.Status object at 0x7f304b3f5e50>,13.120000000000001,86.27450980392156,0.999424,73.33333333333333,31,85.09803921568627,39.6078431372549,40.0,97.6470588235294,Gasoline,-0.78125,
1727078292.4710143,<obd.OBDResponse.Status object at 0x7f304b400c50>,"('Closed loop, using oxygen sensor feedback to determine fuel mix', '')",55.68627450980392,97,0.0,-0.78125,124,3211.0,46.0,9.0,48,87.84313725490196,"((), (False, False, False, False), (False, False, True, True))",0.695,India OBD II (IOBD II),73.0,10000000000001111011000000010001,0.0,0.0,27.84313725490196,132.0,1111.0,100,0.015625,555.9,11111110110100001000010000000001,<obd.OBDResponse.Status object at 0x7f304b3f7ed0>,13.08,119.6078431372549,0.999424,77.25490196078431,31,88.23529411764706,46.666666666666664,47.05882352941177,99.6078431372549,Gasoline,-0.78125,
1727078294.258438,<obd.OBDResponse.Status object at 0x7f304b401f10>,"('Closed loop, using oxygen sensor feedback to determine fuel mix', '')",100.0,97,1.5625,-0.78125,213,4082.0,59.0,-1.0,48,87.84313725490196,"((), (False, False, False, False), (False, False, True, True))",0.715,India OBD II (IOBD II),75.0,10000000000001111011000000010001,0.0,0.0,27.84313725490196,132.0,1111.0,100,-0.17578125,657.3000000000001,11111110110100001000010000000001,<obd.OBDResponse.Status object at 0x7f304b3fd850>,12.96,158.4313725490196,0.909388,77.25490196078431,31,88.23529411764706,80.7843137254902,80.0,99.6078431372549,Gasoline,-0.78125,
1727078296.0458324,<obd.OBDResponse.Status object at 0x7f304b3fc3d0>,"('Closed loop, using oxygen sensor feedback to determine fuel mix', '')",100.0,99,-1.5625,-0.78125,213,5034.5,73.0,3.0,48,87.84313725490196,"((), (False, False, False, False), (False, False, True, True))",0.725,India OBD II (IOBD II),77.0,10000000000001111011000000010001,0.0,0.0,27.84313725490196,132.0,1111.0,100,-0.47265625,732.0,11111110110100001000010000000001,<obd.OBDResponse.Status object at 0x7f304b3fec90>,13.120000000000001,50.588235294117645,1.9988175,7.450980392156863,31,18.03921568627451,15.294117647058824,15.294117647058824,9.019607843137255,Gasoline,0.0,
1727078297.833169,<obd.OBDResponse.Status object at 0x7f304b3fdcd0>,"('Open loop due to engine load OR fuel cut due to deceleration', '')",19.215686274509803,101,0.0,-1.5625,81,3333.0,77.0,9.5,47,87.45098039215686,"((), (False, False, False, False), (False, False, True, True))",0.085,India OBD II (IOBD II),79.0,10000000000001111011000000010001,0.0,0.0,27.84313725490196,132.0,1111.0,100,-0.13671875,710.8000000000001,11111110110100001000010000000001,<obd.OBDResponse.Status object at 0x7f304b3ffd10>,13.02,136.078431372549,0.9952759999999999,77.25490196078431,31,88.23529411764706,51.372549019607845,51.76470588235294,99.6078431372549,Gasoline,-0.78125,
1727078309.7082984,<obd.OBDResponse.Status object at 0x7f3053881e50>,"('Open loop due to engine load OR fuel cut due to deceleration', '')",0.0,92,0.0,-2.34375,32,2780.0,98.0,-5.5,46,15.686274509803921,"((), (False, False, False, False), (False, False, True, True))",0.015,India OBD II (IOBD II),90.0,10000000000001111011000000010001,0.0,0.0,25.88235294117647,132.0,1111.0,100,1.28515625,746.8000000000001,11111110110100001000010000000001,<obd.OBDResponse.Status object at 0x7f304b401250>,14.5,18.03921568627451,1.9988175,3.9215686274509802,30,14.509803921568627,15.294117647058824,15.294117647058824,5.098039215686274,Gasoline,0.0,
1727078311.4778616,<obd.OBDResponse.Status object at 0x7f304b3fd790>,"('Open loop due to engine load OR fuel cut due to deceleration', '')",0.0,93,0.0,-4.6875,30,1769.0,80.0,-9.0,47,11.372549019607844,"((), (False, False, False, False), (False, False, True, True))",0.02,India OBD II (IOBD II),92.0,10000000000001111011000000010001,0.0,0.0,25.88235294117647,132.0,1111.0,100,1.27734375,738.6,11111110110100001000010000000001,<obd.OBDResponse.Status object at 0x7f304b402910>,14.540000000000001,17.254901960784313,1.9988175,0.7843137254901961,30,11.372549019607844,15.294117647058824,15.294117647058824,0.7843137254901961,Gasoline,0.0,
1727078313.2531023,<obd.OBDResponse.Status object at 0x7f304b3fec10>,"('Open loop due to engine load OR fuel cut due to deceleration', '')",18.03921568627451,94,0.0,-3.125,30,1020.0,62.0,17.0,47,13.333333333333334,"((), (False, False, False, False), (False, False, True, True))",0.025,India OBD II (IOBD II),94.0,10000000000001111011000000010001,0.0,0.0,25.88235294117647,132.0,1111.0,100,-0.171875,731.5,11111110110100001000010000000001,<obd.OBDResponse.Status object at 0x7f304b402a90>,13.200000000000001,18.03921568627451,1.0389519999999999,2.3529411764705883,30,13.333333333333334,15.294117647058824,15.294117647058824,2.7450980392156863,Gasoline,-0.78125,
1727078315.0223897,<obd.OBDResponse.Status object at 0x7f304b3fd250>,"('Closed loop, using oxygen sensor feedback to determine fuel mix', '')",12.549019607843137,95,-10.15625,-3.125,24,1238.5,45.0,3.0,48,12.941176470588236,"((), (False, False, False, False), (False, False, True, True))",0.08,India OBD II (IOBD II),96.0,10000000000001111011000000010001,0.0,0.7843137254901961,25.88235294117647,132.0,1111.0,100,-0.3125,724.4000000000001,11111110110100001000010000000001,<obd.OBDResponse.Status object at 0x7f304b403050>,13.16,21.176470588235293,0.900848,2.7450980392156863,30,13.333333333333334,15.294117647058824,15.294117647058824,3.1372549019607843,Gasoline,-0.78125,
1727078316.8032463,<obd.OBDResponse.Status object at 0x7f304b3d5b10>,"('Closed loop, using oxygen sensor feedback to determine fuel mix', '')",8.627450980392156,95,-3.125,-3.125,25,1254.0,36.0,-7.0,48,12.549019607843137,"((), (False, False, False, False), (False, False, True, True))",0.1,India OBD II (IOBD II),97.0,10000000000001111011000000010001,0.0,0.7843137254901961,27.84313725490196,132.0,1111.0,100,-0.26171875,718.1,11111110110100001000010000000001,<obd.OBDResponse.Status object at 0x7f304b400790>,13.200000000000001,18.03921568627451,0.899384,3.9215686274509802,30,13.72549019607843,15.294117647058824,15.294117647058824,3.1372549019607843,Gasoline,-0.78125,
1727078318.57286,<obd.OBDResponse.Status object at 0x7f304b3d73d0>,"('Closed loop, using oxygen sensor feedback to determine fuel mix', '')",27.84313725490196,96,-3.125,-3.90625,34,1081.0,28.0,-4.0,48,12.549019607843137,"((), (False, False, False, False), (False, False, True, True))",0.12,India OBD II (IOBD II),99.0,10000000000001111011000000010001,0.0,0.7843137254901961,27.84313725490196,132.0,1111.0,100,-0.19921875,711.4000000000001,11111110110100001000010000000001,<obd.OBDResponse.Status object at 0x7f304b402b50>,13.18,16.862745098039216,0.899384,2.3529411764705883,30,12.941176470588236,15.294117647058824,15.294117647058824,2.7450980392156863,Gasoline,-0.78125,
1727078320.3300905,<obd.OBDResponse.Status object at 0x7f304b3ffd50>,"('Closed loop, using oxygen sensor feedback to determine fuel mix', '')",12.156862745098039,97,-0.78125,-4.6875,26,1090.0,24.0,-3.0,48,12.549019607843137,"((), (False, False, False, False), (False, False, True, True))",0.13,India OBD II (IOBD II),101.0,10000000000001111011000000010001,0.0,0.7843137254901961,27.84313725490196,132.0,1111.0,100,-0.22265625,705.9000000000001,11111110110100001000010000000001,<obd.OBDResponse.Status object at 0x7f304b401cd0>,13.200000000000001,16.07843137254902,0.899384,1.9607843137254901,30,12.549019607843137,15.294117647058824,15.294117647058824,2.3529411764705883,Gasoline,-0.78125,
1727078322.135313,<obd.OBDResponse.Status object at 0x7f304b403610>,"('Closed loop, using oxygen sensor feedback to determine fuel mix', '')",14.901960784313726,97,0.0,-5.46875,26,986.5,23.0,-3.0,48,12.156862745098039,"((), (False, False, False, False), (False, False, True, True))",0.14,India OBD II (IOBD II),103.0,10000000000001111011000000010001,0.0,0.7843137254901961,27.84313725490196,132.0,1111.0,100,-0.27734375,700.6,11111110110100001000010000000001,<obd.OBDResponse.Status object at 0x7f304b400510>,13.18,18.03921568627451,0.899384,1.9607843137254901,30,12.549019607843137,15.294117647058824,15.294117647058824,2.7450980392156863,Gasoline,-0.78125,
1727078323.9585564,<obd.OBDResponse.Status object at 0x7f304b402650>,"('Closed loop, using oxygen sensor feedback to determine fuel mix', '')",23.137254901960784,97,-0.78125,-4.6875,31,916.5,20.0,-1.0,49,12.549019607843137,"((), (False, False, False, False), (False, False, True, True))",0.845,India OBD II (IOBD II),105.0,10000000000001111011000000010001,0.0,1.1764705882352942,27.84313725490196,132.0,1111.0,100,-0.21484375,694.9000000000001,11111110110100001000010000000001,<obd.OBDResponse.Status object at 0x7f304b400d90>,13.16,21.96078431372549,0.9088999999999999,2.7450980392156863,30,12.941176470588236,15.294117647058824,15.686274509803921,3.1372549019607843,Gasoline,-0.78125,
1727078325.7991831,<obd.OBDResponse.Status object at 0x7f304b400e10>,"('Closed loop, using oxygen sensor feedback to determine fuel mix', '')",27.45098039215686,98,0.78125,-3.90625,34,921.0,20.0,0.5,49,13.333333333333334,"((), (False, False, False, False), (False, False, True, True))",0.785,India OBD II (IOBD II),106.0,10000000000001111011000000010001,0.0,1.5686274509803921,27.84313725490196,132.0,1111.0,100,-0.16015625,688.6,11111110110100001000010000000001,<obd.OBDResponse.Status object at 0x7f304b3ff850>,13.16,23.52941176470588,0.929396,2.7450980392156863,30,12.941176470588236,15.294117647058824,15.686274509803921,3.5294117647058822,Gasoline,-0.78125,
1727078327.520978,<obd.OBDResponse.Status object at 0x7f304b3fcb10>,"('Closed loop, using oxygen sensor feedback to determine fuel mix', '')",27.058823529411764,98,2.34375,-3.90625,35,934.0,20.0,-1.5,49,12.941176470588236,"((), (False, False, False, False), (False, False, True, True))",0.775,India OBD II (IOBD II),108.0,10000000000001111011000000010001,0.0,1.9607843137254901,27.84313725490196,132.0,1111.0,100,-0.12890625,682.6,11111110110100001000010000000001,<obd.OBDResponse.Status object at 0x7f304b3fdcd0>,13.16,23.52941176470588,0.94672,2.3529411764705883,30,13.333333333333334,15.294117647058824,15.294117647058824,3.1372549019607843,Gasoline,-0.78125,
1727078329.2302978,<obd.OBDResponse.Status object at 0x7f304b400990>,"('Closed loop, using oxygen sensor feedback to determine fuel mix', '')",25.49019607843137,98,3.125,-3.90625,35,943.0,20.0,-1.5,49,13.72549019607843,"((), (False, False, False, False), (False, False, True, True))",0.77,India OBD II (IOBD II),110.0,10000000000001111011000000010001,0.0,1.5686274509803921,27.84313725490196,132.0,1111.0,100,-0.11328125,676.5,11111110110100001000010000000001,<obd.OBDResponse.Status object at 0x7f304b400bd0>,13.16,25.098039215686274,0.960872,2.7450980392156863,29,13.333333333333334,15.294117647058824,15.686274509803921,3.5294117647058822,Gasoline,-0.78125,
1727078330.9756358,<obd.OBDResponse.Status object at 0x7f304b403850>,"('Closed loop, using oxygen sensor feedback to determine fuel mix', '')",30.19607843137255,98,1.5625,-3.90625,41,1433.5,21.0,12.5,49,17.647058823529413,"((), (False, False, False, False), (False, False, True, True))",0.765,India OBD II (IOBD II),112.0,10000000000001111011000000010001,0.0,3.5294117647058822,27.84313725490196,132.0,1111.0,100,-0.0859375,667.2,11111110110100001000010000000001,<obd.OBDResponse.Status object at 0x7f304b403350>,13.120000000000001,35.68627450980392,0.999424,7.0588235294117645,29,17.254901960784313,26.274509803921568,26.274509803921568,9.019607843137255,Gasoline,-0.78125,
1727078332.7748992,<obd.OBDResponse.Status object at 0x7f304b400410>,"('Closed loop, using oxygen sensor feedback to determine fuel mix', '')",24.313725490196077,99,-4.6875,-1.5625,58,1784.0,25.0,18.0,49,18.03921568627451,"((), (False, False, False, False), (False, False, True, True))",0.745,India OBD II (IOBD II),113.0,10000000000001111011000000010001,0.0,8.235294117647058,27.84313725490196,132.0,1111.0,100,0.015625,652.9000000000001,11111110110100001000010000000001,<obd.OBDResponse.Status object at 0x7f304b3d7450>,13.16,36.470588235294116,0.999424,7.8431372549019605,29,18.823529411764707,26.666666666666668,26.666666666666668,10.588235294117647,Gasoline,-0.78125,
1727078334.5798268,<obd.OBDResponse.Status object at 0x7f304b403950>,"('Closed loop, using oxygen sensor feedback to determine fuel mix', '')",24.705882352941178,99,-1.5625,-1.5625,63,1985.0,28.0,18.5,49,19.215686274509803,"((), (False, False, False, False), (False, False, True, True))",0.725,India OBD II (IOBD II),115.0,10000000000001111011000000010001,0.0,12.941176470588236,27.84313725490196,132.0,1111.0,100,-0.0390625,638.2,11111110110100001000010000000001,<obd.OBDResponse.Status object at 0x7f304b3ffc90>,13.18,62.745098039215684,0.999424,44.31372549019608,29,61.1764705882353,35.294117647058826,35.294117647058826,70.98039215686275,Gasoline,-0.78125,
1727078346.454469,<obd.OBDResponse.Status object at 0x7f304b40b9d0>,"('Closed loop, using oxygen sensor feedback to determine fuel mix', '')",25.49019607843137,103,-2.34375,-1.5625,75,2839.5,65.0,22.5,48,22.745098039215687,"((), (False, False, False, False), (False, False, True, True))",0.695,India OBD II (IOBD II),127.0,10000000000001111011000000010001,0.0,0.0,27.84313725490196,132.0,1112.0,100,0.0078125,641.7,11111110110100001000010000000001,<obd.OBDResponse.Status object at 0x7f304b400510>,13.16,63.13725490196078,0.999424,25.098039215686274,29,35.68627450980392,33.333333333333336,33.333333333333336,24.313725490196077,Gasoline,-0.78125,
1727078348.229926,<obd.OBDResponse.Status object at 0x7f304b402f50>,"('Closed loop, using oxygen sensor feedback to determine fuel mix', '')",27.84313725490196,103,-3.125,-1.5625,50,2875.5,65.0,-10.5,48,17.254901960784313,"((), (False, False, False, False), (False, False, True, True))",0.705,India OBD II (IOBD II),129.0,10000000000001111011000000010001,0.0,0.0,27.84313725490196,132.0,1112.0,100,0.3125,636.7,11111110110100001000010000000001,<obd.OBDResponse.Status object at 0x7f30516f2290>,13.540000000000001,19.607843137254903,1.9988175,6.2745098039215685,29,16.862745098039216,23.137254901960784,23.137254901960784,9.019607843137255,Gasoline,0.0,
1727078350.0171013,<obd.OBDResponse.Status object at 0x7f304b401b50>,"('Open loop due to engine load OR fuel cut due to deceleration', '')",16.470588235294116,103,-4.6875,-1.5625,42,2190.0,64.0,22.5,48,15.686274509803921,"((), (False, False, False, False), (False, False, True, True))",0.695,India OBD II (IOBD II),131.0,10000000000001111011000000010001,0.0,0.7843137254901961,27.84313725490196,132.0,1112.0,100,-0.01171875,629.6,11111110110100001000010000000001,<obd.OBDResponse.Status object at 0x7f304b403710>,13.18,19.215686274509803,0.99918,4.705882352941177,29,19.607843137254903,22.352941176470587,22.352941176470587,4.313725490196078,Gasoline,-0.78125,
1727078351.7984638,<obd.OBDResponse.Status object at 0x7f304b4006d0>,"('Closed loop, using oxygen sensor feedback to determine fuel mix', '')",5.490196078431373,103,-4.6875,-3.90625,32,2147.0,64.0,-5.5,48,12.156862745098039,"((), (False, False, False, False), (False, False, True, True))",0.695,India OBD II (IOBD II),132.0,10000000000001111011000000010001,0.0,1.9607843137254901,27.84313725490196,132.0,1112.0,100,0.0078125,625.6,11111110110100001000010000000001,<obd.OBDResponse.Status object at 0x7f304b403e10>,13.16,63.529411764705884,0.999424,14.509803921568627,29,25.098039215686274,28.235294117647058,28.235294117647058,18.823529411764707,Gasoline,-0.78125,
1727078353.5676858,<obd.OBDResponse.Status object at 0x7f304b403e50>,"('Closed loop, using oxygen sensor feedback to determine fuel mix', '')",22.745098039215687,102,-2.34375,-3.125,103,2167.0,63.0,3.5,49,43.529411764705884,"((), (False, False, False, False), (False, False, True, True))",0.675,India OBD II (IOBD II),134.0,10000000000001111011000000010001,0.0,0.0,27.84313725490196,132.0,1112.0,100,-0.0078125,617.7,11111110110100001000010000000001,<obd.OBDResponse.Status object at 0x7f304b3d60d0>,13.16,80.3921568627451,0.999424,64.31372549019608,29,76.07843137254902,39.21568627450981,39.6078431372549,85.49019607843137,Gasoline,-0.78125,
1727078355.3368158,<obd.OBDResponse.Status object at 0x7f304b401250>,"('Closed loop, using oxygen sensor feedback to determine fuel mix', '')",49.01960784313726,102,0.0,-1.5625,107,2274.5,68.0,7.5,49,76.86274509803921,"((), (False, False, False, False), (False, False, True, True))",0.675,India OBD II (IOBD II),136.0,10000000000001111011000000010001,0.0,0.0,27.84313725490196,132.0,1112.0,100,-0.0078125,620.8000000000001,11111110110100001000010000000001,<obd.OBDResponse.Status object at 0x7f304b402dd0>,13.16,84.70588235294117,0.999424,76.47058823529412,29,88.23529411764706,44.705882352941174,44.705882352941174,99.6078431372549,Gasoline,-0.78125,
1727078357.1179886,<obd.OBDResponse.Status object at 0x7f304b3ffc90>,"('Closed loop, using oxygen sensor feedback to determine fuel mix', '')",57.254901960784316,101,0.0,-0.78125,125,2441.5,72.0,2.0,48,87.84313725490196,"((), (False, False, False, False), (False, False, True, True))",0.68,India OBD II (IOBD II),138.0,10000000000001111011000000010001,0.0,0.0,27.84313725490196,132.0,1112.0,100,-0.00390625,631.7,11111110110100001000010000000001,<obd.OBDResponse.Status object at 0x7f304b4013d0>,13.16,118.82352941176471,0.999424,77.25490196078431,29,88.23529411764706,43.92156862745098,43.92156862745098,99.6078431372549,Gasoline,-0.78125,
1727078358.8870094,<obd.OBDResponse.Status object at 0x7f304b3fce50>,"('Closed loop, using oxygen sensor feedback to determine fuel mix', '')",72.94117647058823,101,0.0,-0.78125,140,2634.5,77.0,1.5,48,87.84313725490196,"((), (False, False, False, False), (False, False, True, True))",0.685,India OBD II (IOBD II),140.0,10000000000001111011000000010001,0.0,0.0,25.88235294117647,132.0,1112.0,100,-0.13671875,657.8000000000001,11111110110100001000010000000001,<obd.OBDResponse.Status object at 0x7f304b3d4e50>,13.14,18.431372549019606,0.999424,3.9215686274509802,29,14.509803921568627,15.294117647058824,15.686274509803921,4.313725490196078,Gasoline,0.0,
1727078360.6563082,<obd.OBDResponse.Status object at 0x7f304b403050>,"('Open loop due to engine load OR fuel cut due to deceleration', '')",21.96078431372549,100,0.0,-1.5625,99,2242.0,77.0,3.5,47,87.05882352941177,"((), (False, False, False, False), (False, False, True, True))",0.235,India OBD II (IOBD II),141.0,10000000000001111011000000010001,0.0,0.0,25.88235294117647,132.0,1112.0,100,-0.00390625,653.4000000000001,11111110110100001000010000000001,<obd.OBDResponse.Status object at 0x7f304b402350>,13.120000000000001,96.07843137254902,0.999424,77.25490196078431,29,88.23529411764706,41.96078431372549,42.35294117647059,99.6078431372549,Gasoline,-0.78125,
1727078362.4375832,<obd.OBDResponse.Status object at 0x7f304b401e50>,"('Closed loop, using oxygen sensor feedback to determine fuel mix', '')",63.13725490196079,98,-0.78125,-0.78125,120,2134.5,80.0,3.0,47,87.84313725490196,"((), (False, False, False, False), (False, False, True, True))",0.65,India OBD II (IOBD II),143.0,10000000000001111011000000010001,0.0,0.0,25.88235294117647,132.0,1112.0,100,-0.0234375,657.4000000000001,11111110110100001000010000000001,<obd.OBDResponse.Status object at 0x7f304b403890>,13.18,101.17647058823529,0.999424,77.25490196078431,29,88.23529411764706,41.96078431372549,42.35294117647059,99.6078431372549,Gasoline,-0.78125,
1727078364.2428415,<obd.OBDResponse.Status object at 0x7f304b403d10>,"('Closed loop, using oxygen sensor feedback to determine fuel mix', '')",63.13725490196079,96,-0.78125,-0.78125,124,2229.5,83.0,3.0,47,87.84313725490196,"((), (False, False, False, False), (False, False, True, True))",0.69,India OBD II (IOBD II),145.0,10000000000001111011000000010001,0.0,0.0,25.88235294117647,132.0,1112.0,100,-0.0234375,663.4000000000001,11111110110100001000010000000001,<obd.OBDResponse.Status object at 0x7f304b403290>,13.16,108.23529411764706,0.999424,77.25490196078431,29,88.23529411764706,42.745098039215684,43.13725490196079,99.6078431372549,Gasoline,-0.78125,
1727078366.0659058,<obd.OBDResponse.Status object at 0x7f304b403f10>,"('Closed loop, using oxygen sensor feedback to determine fuel mix', '')",65.09803921568627,95,0.0,-0.78125,123,2334.0,87.0,4.5,46,81.56862745098039,"((), (False, False, False, False), (False, False, True, True))",0.705,India OBD II (IOBD II),147.0,10000000000001111011000000010001,0.0,0.0,25.88235294117647,132.0,1112.0,100,-0.02734375,671.3000000000001,11111110110100001000010000000001,<obd.OBDResponse.Status object at 0x7f304b3d7810>,13.14,90.58823529411765,0.999424,65.49019607843137,29,76.47058823529412,37.64705882352941,35.294117647058826,20.784313725490197,Gasoline,-0.78125,
1727078367.8705633,<obd.OBDResponse.Status object at 0x7f304b3d59d0>,"('Closed loop, using oxygen sensor feedback to determine fuel mix', '')",7.8431372549019605,94,-5.46875,-1.5625,30,2369.5,88.0,1.5,46,15.294117647058824,"((), (False, False, False, False), (False, False, True, True))",0.7,India OBD II (IOBD II),149.0,10000000000001111011000000010001,0.0,0.0,25.88235294117647,132.0,1112.0,100,0.0390625,670.9000000000001,11111110110100001000010000000001,<obd.OBDResponse.Status object at 0x7f304b3d5b10>,13.200000000000001,16.470588235294116,1.531344,4.705882352941177,29,15.294117647058824,15.294117647058824,15.686274509803921,5.882352941176471,Gasoline,0.0,
1727078369.7123244,<obd.OBDResponse.Status object at 0x7f304b3f5e50>,"('Open loop due to engine load OR fuel cut due to deceleration', '')",0.0,94,0.0,-2.34375,31,2184.0,79.0,-7.0,46,14.509803921568627,"((), (False, False, False, False), (False, False, True, True))",0.015,India OBD II (IOBD II),150.0,10000000000001111011000000010001,0.0,0.0,25.88235294117647,132.0,1112.0,100,1.28125,663.5,11111110110100001000010000000001,<obd.OBDResponse.Status object at 0x7f304b401390>,13.94,16.470588235294116,1.9988175,2.3529411764705883,29,13.72549019607843,15.294117647058824,15.686274509803921,5.098039215686274,Gasoline,0.0,
1727078381.604864,<obd.OBDResponse.Status object at 0x7f304b426190>,"('Open loop due to engine load OR fuel cut due to deceleration', '')",6.666666666666667,98,0.0,-2.34375,26,1590.0,58.0,-5.5,47,13.72549019607843,"((), (False, False, False, False), (False, False, True, True))",0.695,India OBD II (IOBD II),162.0,10000000000001111011000000010001,0.0,0.7843137254901961,25.88235294117647,132.0,1112.0,100,-0.16015625,627.4000000000001,11111110110100001000010000000001,<obd.OBDResponse.Status object at 0x7f304b3d4f50>,13.200000000000001,20.0,0.9250039999999999,4.313725490196078,29,15.294117647058824,23.137254901960784,23.137254901960784,6.2745098039215685,Gasoline,-0.78125,
1727078383.3864267,<obd.OBDResponse.Status object at 0x7f304b5f8e90>,"('Closed loop, using oxygen sensor feedback to determine fuel mix', '')",17.254901960784313,98,-7.03125,-2.34375,40,1520.5,56.0,21.0,48,14.509803921568627,"((), (False, False, False, False), (False, False, True, True))",0.695,India OBD II (IOBD II),164.0,10000000000001111011000000010001,0.0,0.0,25.88235294117647,132.0,1112.0,100,-0.01953125,623.5,11111110110100001000010000000001,<obd.OBDResponse.Status object at 0x7f304b3fd350>,13.16,19.215686274509803,0.99918,3.1372549019607843,29,13.72549019607843,15.686274509803921,15.686274509803921,4.313725490196078,Gasoline,-0.78125,
1727078385.1734347,<obd.OBDResponse.Status object at 0x7f304b3d5e90>,"('Open loop due to engine load OR fuel cut due to deceleration', '')",0.0,98,0.0,-3.125,29,1485.0,55.0,-10.0,48,13.333333333333334,"((), (False, False, False, False), (False, False, True, True))",0.695,India OBD II (IOBD II),166.0,10000000000001111011000000010001,0.0,0.0,25.88235294117647,132.0,1112.0,100,1.11328125,619.5,11111110110100001000010000000001,<obd.OBDResponse.Status object at 0x7f304b3ff510>,14.46,16.470588235294116,1.9988175,3.1372549019607843,29,13.72549019607843,15.294117647058824,15.686274509803921,3.9215686274509802,Gasoline,0.0,
1727078386.9545436,<obd.OBDResponse.Status object at 0x7f304b3d60d0>,"('Open loop due to engine load OR fuel cut due to deceleration', '')",0.0,99,0.0,-3.125,29,1428.5,53.0,-10.5,48,13.333333333333334,"((), (False, False, False, False), (False, False, True, True))",0.01,India OBD II (IOBD II),168.0,10000000000001111011000000010001,0.0,0.0,25.88235294117647,132.0,1112.0,100,1.2578125,614.5,11111110110100001000010000000001,<obd.OBDResponse.Status object at 0x7f304b3ff810>,14.48,16.862745098039216,1.9988175,2.7450980392156863,29,13.333333333333334,15.686274509803921,15.686274509803921,3.5294117647058822,Gasoline,0.0,
1727078388.7238426,<obd.OBDResponse.Status object at 0x7f304b3d7ed0>,"('Open loop due to engine load OR fuel cut due to deceleration', '')",0.0,99,0.0,-3.125,28,1376.5,51.0,-10.5,48,12.941176470588236,"((), (False, False, False, False), (False, False, True, True))",0.015,India OBD II (IOBD II),169.0,10000000000001111011000000010001,0.0,0.0,25.88235294117647,132.0,1112.0,100,1.26171875,609.4000000000001,11111110110100001000010000000001,<obd.OBDResponse.Status object at 0x7f304b3ff110>,14.46,16.862745098039216,1.9988175,2.3529411764705883,29,13.333333333333334,15.294117647058824,15.686274509803921,3.5294117647058822,Gasoline,0.0,
1727078390.517193,<obd.OBDResponse.Status object at 0x7f304b3d6810>,"('Open loop due to engine load OR fuel cut due to deceleration', '')",0.0,99,0.0,-3.125,28,1312.5,48.0,-11.5,49,12.941176470588236,"((), (False, False, False, False), (False, False, True, True))",0.015,India OBD II (IOBD II),171.0,10000000000001111011000000010001,0.0,0.0,25.88235294117647,132.0,1112.0,100,1.2578125,604.3000000000001,11111110110100001000010000000001,<obd.OBDResponse.Status object at 0x7f304b3fd210>,14.44,17.254901960784313,1.9988175,1.5686274509803921,29,11.372549019607844,15.294117647058824,15.686274509803921,5.098039215686274,Gasoline,0.0,
1727078392.3040328,<obd.OBDResponse.Status object at 0x7f304b3d5010>,"('Open loop due to engine load OR fuel cut due to deceleration', '')",29.41176470588235,99,0.0,-3.125,40,946.5,43.0,-4.0,49,12.941176470588236,"((), (False, False, False, False), (False, False, True, True))",0.04,India OBD II (IOBD II),173.0,10000000000001111011000000010001,0.0,0.0,27.84313725490196,132.0,1112.0,100,-0.03125,598.6,11111110110100001000010000000001,<obd.OBDResponse.Status object at 0x7f304b3fda10>,13.18,19.607843137254903,1.048468,2.7450980392156863,29,13.72549019607843,15.294117647058824,15.686274509803921,3.1372549019607843,Gasoline,-0.78125,
1727078394.0853882,<obd.OBDResponse.Status object at 0x7f304b3d5f50>,"('Closed loop, using oxygen sensor feedback to determine fuel mix', '')",15.686274509803921,99,-1.5625,-3.90625,30,1104.5,36.0,-1.0,49,12.941176470588236,"((), (False, False, False, False), (False, False, True, True))",0.085,India OBD II (IOBD II),175.0,10000000000001111011000000010001,0.0,1.9607843137254901,27.84313725490196,132.0,1113.0,100,-0.140625,594.7,11111110110100001000010000000001,<obd.OBDResponse.Status object at 0x7f304b3ff0d0>,13.22,17.647058823529413,0.901092,3.1372549019607843,29,13.72549019607843,15.294117647058824,15.686274509803921,3.5294117647058822,Gasoline,-0.78125,
1727078395.9141104,<obd.OBDResponse.Status object at 0x7f304b401ad0>,"('Closed loop, using oxygen sensor feedback to determine fuel mix', '')",15.686274509803921,99,4.6875,-3.125,33,1123.0,28.0,-3.0,49,13.333333333333334,"((), (False, False, False, False), (False, False, True, True))",0.105,India OBD II (IOBD II),177.0,10000000000001111011000000010001,0.0,3.9215686274509802,27.84313725490196,132.0,1113.0,100,-0.20703125,590.8000000000001,11111110110100001000010000000001,<obd.OBDResponse.Status object at 0x7f304b3fc650>,13.120000000000001,22.352941176470587,0.899384,2.3529411764705883,29,12.941176470588236,15.294117647058824,15.686274509803921,3.5294117647058822,Gasoline,-0.78125,
1727078397.7258492,<obd.OBDResponse.Status object at 0x7f304b3fdc50>,"('Closed loop, using oxygen sensor feedback to determine fuel mix', '')",33.72549019607843,100,3.90625,-3.90625,37,898.0,23.0,12.5,49,13.333333333333334,"((), (False, False, False, False), (False, False, True, True))",0.12,India OBD II (IOBD II),178.0,10000000000001111011000000010001,0.0,4.313725490196078,27.84313725490196,132.0,1113.0,100,-0.3046875,587.0,11111110110100001000010000000001,<obd.OBDResponse.Status object at 0x7f304b4249d0>,13.14,25.49019607843137,0.899384,2.7450980392156863,29,13.333333333333334,15.294117647058824,15.686274509803921,3.5294117647058822,Gasoline,-0.78125,
1727078399.5489945,<obd.OBDResponse.Status object at 0x7f304b3fced0>,"('Closed loop, using oxygen sensor feedback to determine fuel mix', '')",29.80392156862745,100,3.125,-3.90625,38,939.5,16.0,-4.0,49,12.941176470588236,"((), (False, False, False, False), (False, False, True, True))",0.135,India OBD II (IOBD II),180.0,10000000000001111011000000010001,0.0,5.882352941176471,27.84313725490196,132.0,1113.0,100,-0.234375,582.9000000000001,11111110110100001000010000000001,<obd.OBDResponse.Status object at 0x7f304b3fe210>,13.14,25.88235294117647,0.899384,2.3529411764705883,29,13.333333333333334,15.294117647058824,15.686274509803921,3.9215686274509802,Gasoline,-0.78125,
1727078401.3541486,<obd.OBDResponse.Status object at 0x7f304b3fe350>,"('Closed loop, using oxygen sensor feedback to determine fuel mix', '')",29.80392156862745,100,3.90625,-3.90625,38,935.0,12.0,-1.5,49,13.333333333333334,"((), (False, False, False, False), (False, False, True, True))",0.345,India OBD II (IOBD II),182.0,10000000000001111011000000010001,0.0,6.2745098039215685,27.84313725490196,132.0,1113.0,100,-0.25,579.0,11111110110100001000010000000001,<obd.OBDResponse.Status object at 0x7f304b3fe5d0>,13.14,24.705882352941178,0.9027999999999999,2.7450980392156863,29,13.72549019607843,15.294117647058824,15.686274509803921,3.5294117647058822,Gasoline,-0.78125,
1727078403.1238155,<obd.OBDResponse.Status object at 0x7f304b3ffdd0>,"('Closed loop, using oxygen sensor feedback to determine fuel mix', '')",29.019607843137255,100,3.125,-3.90625,37,933.0,10.0,-1.5,49,13.333333333333334,"((), (False, False, False, False), (False, False, True, True))",0.78,India OBD II (IOBD II),184.0,10000000000001111011000000010001,0.0,7.8431372549019605,27.84313725490196,132.0,1113.0,100,-0.1953125,575.3000000000001,11111110110100001000010000000001,<obd.OBDResponse.Status object at 0x7f304b424b90>,13.06,25.88235294117647,0.925736,19.215686274509803,29,28.627450980392158,23.137254901960784,22.745098039215687,0.0,Gasoline,-0.78125,
1727078404.9047787,<obd.OBDResponse.Status object at 0x7f304b3fdf50>,"('Closed loop, using oxygen sensor feedback to determine fuel mix', '')",100.0,100,-0.78125,-2.34375,71,699.0,10.0,0.0,49,23.137254901960784,"((), (False, False, False, False), (False, False, True, True))",0.78,India OBD II (IOBD II),186.0,10000000000001111011000000010001,0.0,0.0,27.84313725490196,132.0,1113.0,100,-0.046875,569.4,11111110110100001000010000000001,<obd.OBDResponse.Status object at 0x7f304b3d5ad0>,13.120000000000001,73.33333333333333,0.996252,51.372549019607845,29,61.96078431372549,29.41176470588235,29.019607843137255,58.03921568627451,Gasoline,-0.78125,
1727078416.741007,<obd.OBDResponse.Status object at 0x7f304b3d5d50>,"('Closed loop, using oxygen sensor feedback to determine fuel mix', '')",52.549019607843135,98,1.5625,-1.5625,104,1475.0,21.0,2.0,50,65.49019607843137,"((), (False, False, False, False), (False, False, True, True))",0.5,India OBD II (IOBD II),197.0,10000000000001111011000000010001,0.0,0.0,27.84313725490196,132.0,1113.0,100,-0.03125,545.8000000000001,11111110110100001000010000000001,<obd.OBDResponse.Status object at 0x7f304b41dfd0>,13.120000000000001,78.82352941176471,0.999424,55.294117647058826,29,66.27450980392157,36.07843137254902,36.07843137254902,71.76470588235294,Gasoline,-0.78125,
1727078418.513014,<obd.OBDResponse.Status object at 0x7f304b400dd0>,"('Closed loop, using oxygen sensor feedback to determine fuel mix', '')",50.588235294117645,98,1.5625,-1.5625,106,1985.0,28.0,6.0,50,66.66666666666667,"((), (False, False, False, False), (False, False, True, True))",0.645,India OBD II (IOBD II),199.0,10000000000001111011000000010001,0.0,0.0,27.84313725490196,132.0,1113.0,100,-0.16015625,553.5,11111110110100001000010000000001,<obd.OBDResponse.Status object at 0x7f304b41f550>,13.14,20.0,0.999424,3.1372549019607843,29,13.333333333333334,15.294117647058824,15.294117647058824,3.1372549019607843,Gasoline,-0.78125,
1727078420.2850933,<obd.OBDResponse.Status object at 0x7f304b403a50>,"('Closed loop, using oxygen sensor feedback to determine fuel mix', '')",48.23529411764706,98,0.78125,-1.5625,102,1405.5,29.0,1.5,49,87.05882352941177,"((), (False, False, False, False), (False, False, True, True))",0.65,India OBD II (IOBD II),201.0,10000000000001111011000000010001,0.0,0.0,27.84313725490196,132.0,1113.0,100,0.0234375,553.7,11111110110100001000010000000001,<obd.OBDResponse.Status object at 0x7f304b3d4e50>,13.08,88.62745098039215,0.999424,77.25490196078431,29,88.23529411764706,43.92156862745098,43.92156862745098,99.6078431372549,Gasoline,-0.78125,
1727078422.074563,<obd.OBDResponse.Status object at 0x7f304b403350>,"('Closed loop, using oxygen sensor feedback to determine fuel mix', '')",66.66666666666667,97,2.34375,-1.5625,121,1491.5,33.0,-2.5,49,87.84313725490196,"((), (False, False, False, False), (False, False, True, True))",0.66,India OBD II (IOBD II),203.0,10000000000001111011000000010001,0.0,0.0,27.84313725490196,132.0,1113.0,100,-0.01171875,562.0,11111110110100001000010000000001,<obd.OBDResponse.Status object at 0x7f304b3d5490>,13.02,96.07843137254902,0.999424,14.509803921568627,29,23.92156862745098,34.90196078431372,32.94117647058823,15.294117647058824,Gasoline,-0.78125,
1727078423.875795,<obd.OBDResponse.Status object at 0x7f304b400990>,"('Closed loop, using oxygen sensor feedback to determine fuel mix', '')",35.294117647058826,97,-2.34375,-1.5625,81,1691.5,37.0,15.5,49,17.254901960784313,"((), (False, False, False, False), (False, False, True, True))",0.645,India OBD II (IOBD II),205.0,10000000000001111011000000010001,0.0,1.5686274509803921,27.84313725490196,132.0,1113.0,100,0.01953125,567.6,11111110110100001000010000000001,<obd.OBDResponse.Status object at 0x7f304b41d150>,13.16,29.019607843137255,0.999424,4.705882352941177,29,14.901960784313726,21.568627450980394,20.784313725490197,5.098039215686274,Gasoline,-0.78125,
1727078425.7012818,<obd.OBDResponse.Status object at 0x7f304b41cc10>,"('Closed loop, using oxygen sensor feedback to determine fuel mix', '')",5.882352941176471,97,-1.5625,-2.34375,28,1652.0,36.0,-8.5,49,14.117647058823529,"((), (False, False, False, False), (False, False, True, True))",0.64,India OBD II (IOBD II),206.0,10000000000001111011000000010001,0.0,4.705882352941177,27.84313725490196,132.0,1113.0,100,0.00390625,566.2,11111110110100001000010000000001,<obd.OBDResponse.Status object at 0x7f304b41d190>,13.16,17.254901960784313,0.999424,3.1372549019607843,29,14.117647058823529,17.647058823529413,17.647058823529413,4.313725490196078,Gasoline,0.0,
1727078427.5507019,<obd.OBDResponse.Status object at 0x7f304b41e910>,"('Open loop due to engine load OR fuel cut due to deceleration', '')",0.0,96,0.0,-3.125,29,1498.5,33.0,-10.5,49,13.333333333333334,"((), (False, False, False, False), (False, False, True, True))",0.01,India OBD II (IOBD II),208.0,10000000000001111011000000010001,0.0,0.0,27.84313725490196,132.0,1113.0,100,1.22265625,563.2,11111110110100001000010000000001,<obd.OBDResponse.Status object at 0x7f304b3d7590>,14.42,16.862745098039216,1.9988175,3.1372549019607843,29,13.333333333333334,15.294117647058824,15.686274509803921,3.1372549019607843,Gasoline,0.0,
1727078429.339388,<obd.OBDResponse.Status object at 0x7f304b41f610>,"('Open loop due to engine load OR fuel cut due to deceleration', '')",8.627450980392156,95,0.0,-4.6875,25,989.5,25.0,0.0,50,13.333333333333334,"((), (False, False, False, False), (False, False, True, True))",0.005,India OBD II (IOBD II),210.0,10000000000001111011000000010001,0.0,0.0,27.84313725490196,132.0,1113.0,100,0.23046875,560.4,11111110110100001000010000000001,<obd.OBDResponse.Status object at 0x7f304b403c10>,13.08,17.254901960784313,1.3790879999999999,1.1764705882352942,29,11.764705882352942,15.294117647058824,15.686274509803921,1.1764705882352942,Gasoline,0.0,
1727078431.1104136,<obd.OBDResponse.Status object at 0x7f304b41cf50>,"('Open loop due to engine load OR fuel cut due to deceleration', '')",25.49019607843137,95,0.0,-4.6875,28,784.0,11.0,21.0,50,11.764705882352942,"((), (False, False, False, False), (False, False, True, True))",0.055,India OBD II (IOBD II),212.0,10000000000001111011000000010001,0.0,0.0,27.84313725490196,132.0,1113.0,100,-0.22265625,558.5,11111110110100001000010000000001,<obd.OBDResponse.Status object at 0x7f304b401850>,13.06,18.431372549019606,1.020652,5.490196078431373,29,15.294117647058824,15.294117647058824,15.686274509803921,1.9607843137254901,Gasoline,-0.78125,
1727078432.8690479,<obd.OBDResponse.Status object at 0x7f304b41df50>,"('Closed loop, using oxygen sensor feedback to determine fuel mix', '')",41.96078431372549,95,-8.59375,-3.90625,38,798.0,10.0,-2.5,50,14.901960784313726,"((), (False, False, False, False), (False, False, True, True))",0.09,India OBD II (IOBD II),214.0,10000000000001111011000000010001,0.0,0.0,27.84313725490196,132.0,1113.0,100,-0.09765625,556.1,11111110110100001000010000000001,<obd.OBDResponse.Status object at 0x7f304b3d77d0>,13.06,66.27450980392157,0.899872,17.254901960784313,29,59.6078431372549,41.568627450980394,41.96078431372549,80.0,Gasoline,-0.78125,
1727078434.621728,<obd.OBDResponse.Status object at 0x7f304b41dad0>,"('Closed loop, using oxygen sensor feedback to determine fuel mix', '')",97.25490196078431,96,0.0,-1.5625,103,960.5,13.0,-2.5,50,87.45098039215686,"((), (False, False, False, False), (False, False, True, True))",0.135,India OBD II (IOBD II),215.0,10000000000001111011000000010001,0.0,0.0,27.84313725490196,132.0,1113.0,100,-0.2109375,551.6,11111110110100001000010000000001,<obd.OBDResponse.Status object at 0x7f3051eb4310>,13.1,83.92156862745098,0.899384,77.25490196078431,29,88.23529411764706,45.09803921568628,45.09803921568628,99.6078431372549,Gasoline,-0.78125,
1727078436.41645,<obd.OBDResponse.Status object at 0x7f304b41f750>,"('Closed loop, using oxygen sensor feedback to determine fuel mix', '')",64.70588235294117,96,4.6875,-1.5625,117,1406.0,20.0,-3.0,50,87.45098039215686,"((), (False, False, False, False), (False, False, True, True))",0.775,India OBD II (IOBD II),217.0,10000000000001111011000000010001,0.0,0.0,27.84313725490196,132.0,1113.0,100,-0.07421875,551.3000000000001,11111110110100001000010000000001,<obd.OBDResponse.Status object at 0x7f304b403910>,13.08,118.82352941176471,0.999424,77.25490196078431,29,88.23529411764706,49.80392156862745,50.19607843137255,99.6078431372549,Gasoline,-0.78125,
1727078438.2528036,<obd.OBDResponse.Status object at 0x7f304b41c090>,"('Closed loop, using oxygen sensor feedback to determine fuel mix', '')",83.13725490196079,97,-0.78125,-0.78125,158,2192.0,32.0,-2.5,50,87.84313725490196,"((), (False, False, False, False), (False, False, True, True))",0.685,India OBD II (IOBD II),219.0,10000000000001111011000000010001,0.0,0.0,27.84313725490196,132.0,1113.0,100,-0.0390625,581.2,11111110110100001000010000000001,<obd.OBDResponse.Status object at 0x7f304b401cd0>,13.14,27.84313725490196,0.999424,3.5294117647058822,29,14.117647058823529,15.294117647058824,15.686274509803921,4.313725490196078,Gasoline,0.0,
1727078440.1011689,<obd.OBDResponse.Status object at 0x7f304b3fd2d0>,"('Open loop due to engine load OR fuel cut due to deceleration', '')",42.35294117647059,96,0.0,-1.5625,105,1687.0,36.0,0.5,48,87.84313725490196,"((), (False, False, False, False), (False, False, True, True))",0.68,India OBD II (IOBD II),221.0,10000000000001111011000000010001,0.0,0.0,27.84313725490196,132.0,1113.0,100,0.01171875,587.4000000000001,11111110110100001000010000000001,<obd.OBDResponse.Status object at 0x7f304b3d5810>,13.16,105.88235294117646,0.999424,77.25490196078431,29,88.23529411764706,46.27450980392157,46.666666666666664,99.6078431372549,Gasoline,-0.78125,
1727078451.994613,<obd.OBDResponse.Status object at 0x7f304bb7ae10>,"('Open loop due to engine load OR fuel cut due to deceleration', '')",0.0,92,0.0,-2.34375,32,2311.5,68.0,-7.0,48,15.294117647058824,"((), (False, False, False, False), (False, False, True, True))",0.0,India OBD II (IOBD II),233.0,10000000000001111011000000010001,0.0,0.0,25.88235294117647,132.0,1113.0,100,1.265625,721.5,11111110110100001000010000000001,<obd.OBDResponse.Status object at 0x7f304b4028d0>,14.46,16.470588235294116,1.9988175,2.3529411764705883,29,12.549019607843137,15.294117647058824,15.294117647058824,2.7450980392156863,Gasoline,0.0,
1727078453.7950408,<obd.OBDResponse.Status object at 0x7f304b3d4e50>,"('Open loop due to engine load OR fuel cut due to deceleration', '')",0.0,93,0.0,-4.6875,31,2184.5,64.0,-7.0,49,12.549019607843137,"((), (False, False, False, False), (False, False, True, True))",0.0,India OBD II (IOBD II),234.0,10000000000001111011000000010001,0.0,0.0,25.88235294117647,132.0,1113.0,100,1.24609375,716.1,11111110110100001000010000000001,<obd.OBDResponse.Status object at 0x7f304b403390>,14.48,17.647058823529413,1.9988175,1.9607843137254901,29,12.156862745098039,15.294117647058824,15.686274509803921,1.9607843137254901,Gasoline,0.0,
1727078455.5649247,<obd.OBDResponse.Status object at 0x7f304b3d6f90>,"('Open loop due to engine load OR fuel cut due to deceleration', '')",0.0,94,0.0,-4.6875,30,2090.5,61.0,-7.0,49,12.156862745098039,"((), (False, False, False, False), (False, False, True, True))",0.005,India OBD II (IOBD II),236.0,10000000000001111011000000010001,0.0,0.0,25.88235294117647,132.0,1113.0,100,1.21484375,710.7,11111110110100001000010000000001,<obd.OBDResponse.Status object at 0x7f304b403490>,14.48,17.647058823529413,1.9988175,1.1764705882352942,29,11.372549019607844,15.294117647058824,15.686274509803921,1.5686274509803921,Gasoline,0.0,
1727078457.3231788,<obd.OBDResponse.Status object at 0x7f304b3d6050>,"('Open loop due to engine load OR fuel cut due to deceleration', '')",0.0,94,0.0,-4.6875,30,1967.0,52.0,-7.0,50,12.156862745098039,"((), (False, False, False, False), (False, False, True, True))",0.005,India OBD II (IOBD II),238.0,10000000000001111011000000010001,0.0,0.0,25.88235294117647,132.0,1113.0,100,1.21875,705.4000000000001,11111110110100001000010000000001,<obd.OBDResponse.Status object at 0x7f304b401e50>,14.5,17.254901960784313,1.9988175,0.7843137254901961,29,11.372549019607844,15.294117647058824,15.294117647058824,0.7843137254901961,Gasoline,0.0,
1727078459.0991457,<obd.OBDResponse.Status object at 0x7f304b3d5010>,"('Open loop due to engine load OR fuel cut due to deceleration', '')",8.235294117647058,95,0.0,-3.125,33,1095.0,36.0,0.0,50,13.72549019607843,"((), (False, False, False, False), (False, False, True, True))",0.005,India OBD II (IOBD II),240.0,10000000000001111011000000010001,0.0,0.0,25.88235294117647,132.0,1113.0,100,0.0078125,699.6,11111110110100001000010000000001,<obd.OBDResponse.Status object at 0x7f304b400f50>,13.18,25.098039215686274,1.176324,3.1372549019607843,29,13.333333333333334,15.294117647058824,15.294117647058824,3.5294117647058822,Gasoline,0.0,
1727078460.869122,<obd.OBDResponse.Status object at 0x7f304b3d7350>,"('Open loop due to engine load OR fuel cut due to deceleration', '')",28.235294117647058,95,-5.46875,-3.90625,36,928.0,15.0,0.0,50,12.941176470588236,"((), (False, False, False, False), (False, False, True, True))",0.065,India OBD II (IOBD II),242.0,10000000000001111011000000010001,0.0,1.5686274509803921,25.88235294117647,132.0,1113.0,100,-0.140625,693.7,11111110110100001000010000000001,<obd.OBDResponse.Status object at 0x7f304b44b5d0>,13.120000000000001,25.49019607843137,0.94184,3.1372549019607843,29,13.72549019607843,15.294117647058824,15.686274509803921,3.9215686274509802,Gasoline,-0.78125,
1727078462.639278,<obd.OBDResponse.Status object at 0x7f304b402ad0>,"('Closed loop, using oxygen sensor feedback to determine fuel mix', '')",26.666666666666668,95,-0.78125,-3.90625,38,982.0,14.0,-4.0,50,12.941176470588236,"((), (False, False, False, False), (False, False, True, True))",0.095,India OBD II (IOBD II),243.0,10000000000001111011000000010001,0.0,4.705882352941177,25.88235294117647,132.0,1113.0,100,-0.203125,687.5,11111110110100001000010000000001,<obd.OBDResponse.Status object at 0x7f304b402e10>,13.14,38.431372549019606,0.9003599999999999,4.705882352941177,29,15.686274509803921,27.45098039215686,27.45098039215686,8.627450980392156,Gasoline,-0.78125,
1727078464.3793094,<obd.OBDResponse.Status object at 0x7f304b400e10>,"('Closed loop, using oxygen sensor feedback to determine fuel mix', '')",52.15686274509804,96,-1.5625,-1.5625,85,1131.5,16.0,6.0,50,21.176470588235293,"((), (False, False, False, False), (False, False, True, True))",0.13,India OBD II (IOBD II),245.0,10000000000001111011000000010001,0.0,0.0,27.84313725490196,132.0,1113.0,100,-0.21484375,673.6,11111110110100001000010000000001,<obd.OBDResponse.Status object at 0x7f304b402a90>,13.14,58.8235294117647,0.899384,12.156862745098039,29,22.745098039215687,31.764705882352942,31.764705882352942,15.294117647058824,Gasoline,-0.78125,
1727078466.1489952,<obd.OBDResponse.Status object at 0x7f304b402f10>,"('Closed loop, using oxygen sensor feedback to determine fuel mix', '')",39.6078431372549,96,0.0,-1.5625,100,1672.0,24.0,4.5,50,65.49019607843137,"((), (False, False, False, False), (False, False, True, True))",0.785,India OBD II (IOBD II),247.0,10000000000001111011000000010001,0.0,0.0,27.84313725490196,132.0,1113.0,100,-0.01953125,655.9000000000001,11111110110100001000010000000001,<obd.OBDResponse.Status object at 0x7f304b401fd0>,13.16,75.29411764705883,0.99918,30.980392156862745,29,38.03921568627451,33.72549019607843,33.72549019607843,30.58823529411765,Gasoline,-0.78125,
1727078467.9492128,<obd.OBDResponse.Status object at 0x7f304b401750>,"('Closed loop, using oxygen sensor feedback to determine fuel mix', '')",23.92156862745098,96,-2.34375,-1.5625,44,2288.5,34.0,-13.5,48,14.509803921568627,"((), (False, False, False, False), (False, False, True, True))",0.72,India OBD II (IOBD II),249.0,10000000000001111011000000010001,0.0,0.0,27.84313725490196,132.0,1113.0,100,1.140625,645.8000000000001,11111110110100001000010000000001,<obd.OBDResponse.Status object at 0x7f304b403710>,14.3,32.15686274509804,1.9988175,22.352941176470587,29,34.509803921568626,34.90196078431372,35.294117647058826,30.19607843137255,Gasoline,-0.78125,
1727078469.76706,<obd.OBDResponse.Status object at 0x7f304b4018d0>,"('Closed loop, using oxygen sensor feedback to determine fuel mix', '')",47.84313725490196,97,-3.125,-1.5625,102,1681.5,38.0,0.5,48,52.94117647058823,"((), (False, False, False, False), (False, False, True, True))",0.155,India OBD II (IOBD II),250.0,10000000000001111011000000010001,0.0,0.0,25.88235294117647,132.0,1113.0,100,-0.19921875,633.3000000000001,11111110110100001000010000000001,<obd.OBDResponse.Status object at 0x7f304b401bd0>,13.16,52.15686274509804,0.935252,10.588235294117647,29,21.176470588235293,30.19607843137255,30.19607843137255,10.588235294117647,Gasoline,-0.78125,
1727078471.5608315,<obd.OBDResponse.Status object at 0x7f304b402290>,"('Closed loop, using oxygen sensor feedback to determine fuel mix', '')",11.372549019607844,97,-2.34375,-1.5625,32,1880.0,41.0,-3.0,48,14.901960784313726,"((), (False, False, False, False), (False, False, True, True))",0.77,India OBD II (IOBD II),252.0,10000000000001111011000000010001,0.0,0.0,25.88235294117647,132.0,1113.0,100,0.0078125,627.9000000000001,11111110110100001000010000000001,<obd.OBDResponse.Status object at 0x7f304b3d4f90>,13.14,16.862745098039216,0.99918,4.313725490196078,29,14.901960784313726,15.294117647058824,15.686274509803921,5.098039215686274,Gasoline,0.0,
1727078473.3309574,<obd.OBDResponse.Status object at 0x7f304b3fd890>,"('Open loop due to engine load OR fuel cut due to deceleration', '')",0.0,97,0.0,-2.34375,31,1836.5,40.0,-8.5,48,14.117647058823529,"((), (False, False, False, False), (False, False, True, True))",0.005,India OBD II (IOBD II),254.0,10000000000001111011000000010001,0.0,0.0,25.88235294117647,132.0,1113.0,100,1.05078125,621.8000000000001,11111110110100001000010000000001,<obd.OBDResponse.Status object at 0x7f304b3d61d0>,14.08,36.470588235294116,1.182424,8.627450980392156,29,18.03921568627451,27.058823529411764,27.058823529411764,9.019607843137255,Gasoline,-0.78125,
1727078475.124854,<obd.OBDResponse.Status object at 0x7f304b401950>,"('Closed loop, using oxygen sensor feedback to determine fuel mix', '')",8.627450980392156,97,-6.25,-1.5625,30,1856.0,41.0,-9.0,49,14.901960784313726,"((), (False, False, False, False), (False, False, True, True))",0.09,India OBD II (IOBD II),256.0,10000000000001111011000000010001,0.0,0.0,25.88235294117647,132.0,1113.0,100,-0.12109375,614.8000000000001,11111110110100001000010000000001,<obd.OBDResponse.Status object at 0x7f304b3d7490>,13.22,16.862745098039216,1.9988175,3.9215686274509802,29,14.509803921568627,15.294117647058824,15.686274509803921,5.098039215686274,Gasoline,0.0,
1727078476.924775,<obd.OBDResponse.Status object at 0x7f304b4025d0>,"('Open loop due to engine load OR fuel cut due to deceleration', '')",0.0,97,0.0,-2.34375,32,1891.0,41.0,-8.5,49,11.764705882352942,"((), (False, False, False, False), (False, False, True, True))",0.005,India OBD II (IOBD II),258.0,10000000000001111011000000010001,0.0,0.0,27.84313725490196,132.0,1113.0,100,1.25,610.0,11111110110100001000010000000001,<obd.OBDResponse.Status object at 0x7f304b3d5f10>,14.48,17.254901960784313,1.9988175,0.7843137254901961,29,10.980392156862745,15.294117647058824,15.686274509803921,0.7843137254901961,Gasoline,0.0,
1727078488.7681856,<obd.OBDResponse.Status object at 0x7f304b65af90>,"('Closed loop, using oxygen sensor feedback to determine fuel mix', '')",38.8235294117647,98,5.46875,-3.90625,38,807.0,11.0,-3.0,50,12.549019607843137,"((), (False, False, False, False), (False, False, True, True))",0.125,India OBD II (IOBD II),269.0,10000000000001111011000000010001,0.0,20.784313725490197,25.88235294117647,132.0,1113.0,100,-0.23046875,590.4000000000001,11111110110100001000010000000001,<obd.OBDResponse.Status object at 0x7f304b4001d0>,13.120000000000001,25.49019607843137,0.899384,1.9607843137254901,29,12.941176470588236,16.470588235294116,16.470588235294116,2.7450980392156863,Gasoline,-0.78125,
1727078490.544046,<obd.OBDResponse.Status object at 0x7f304b401410>,"('Closed loop, using oxygen sensor feedback to determine fuel mix', '')",40.78431372549019,99,4.6875,-3.90625,39,812.5,10.0,9.5,50,14.509803921568627,"((), (False, False, False, False), (False, False, True, True))",0.135,India OBD II (IOBD II),271.0,10000000000001111011000000010001,0.0,18.823529411764707,25.88235294117647,132.0,1113.0,100,-0.30078125,587.1,11111110110100001000010000000001,<obd.OBDResponse.Status object at 0x7f304b401810>,13.120000000000001,33.333333333333336,0.899384,3.5294117647058822,29,12.941176470588236,16.470588235294116,16.470588235294116,3.5294117647058822,Gasoline,-0.78125,
1727078492.326028,<obd.OBDResponse.Status object at 0x7f304b403b50>,"('Closed loop, using oxygen sensor feedback to determine fuel mix', '')",63.529411764705884,99,2.34375,-3.125,53,747.0,10.0,-4.0,51,14.117647058823529,"((), (False, False, False, False), (False, False, True, True))",0.82,India OBD II (IOBD II),273.0,10000000000001111011000000010001,0.0,28.235294117647058,25.88235294117647,132.0,1113.0,100,-0.19921875,582.8000000000001,11111110110100001000010000000001,<obd.OBDResponse.Status object at 0x7f304b403d90>,13.120000000000001,40.3921568627451,0.921588,3.5294117647058822,29,14.117647058823529,15.294117647058824,15.686274509803921,5.098039215686274,Gasoline,-0.78125,
1727078494.1076744,<obd.OBDResponse.Status object at 0x7f304b402d10>,"('Closed loop, using oxygen sensor feedback to determine fuel mix', '')",56.07843137254902,99,3.125,-2.34375,57,864.0,12.0,-6.0,51,14.117647058823529,"((), (False, False, False, False), (False, False, True, True))",0.77,India OBD II (IOBD II),275.0,10000000000001111011000000010001,0.0,29.41176470588235,25.88235294117647,132.0,1113.0,100,-0.1328125,578.7,11111110110100001000010000000001,<obd.OBDResponse.Status object at 0x7f304b3d7490>,13.14,39.6078431372549,0.95282,3.9215686274509802,29,14.509803921568627,15.294117647058824,15.294117647058824,0.0,Gasoline,-0.78125,
1727078495.8897507,<obd.OBDResponse.Status object at 0x7f304b401e90>,"('Closed loop, using oxygen sensor feedback to determine fuel mix', '')",20.784313725490197,99,3.125,-3.90625,40,905.5,12.0,-9.0,50,12.549019607843137,"((), (False, False, False, False), (False, False, True, True))",0.76,India OBD II (IOBD II),277.0,10000000000001111011000000010001,0.0,16.470588235294116,25.88235294117647,132.0,1113.0,100,-0.04296875,575.6,11111110110100001000010000000001,<obd.OBDResponse.Status object at 0x7f304b401490>,13.1,24.313725490196077,0.984296,1.9607843137254901,29,12.549019607843137,15.294117647058824,15.294117647058824,2.3529411764705883,Gasoline,-0.78125,
1727078497.677641,<obd.OBDResponse.Status object at 0x7f304b402a50>,"('Closed loop, using oxygen sensor feedback to determine fuel mix', '')",41.568627450980394,99,0.78125,-3.90625,38,786.5,9.0,3.5,50,12.549019607843137,"((), (False, False, False, False), (False, False, True, True))",0.75,India OBD II (IOBD II),278.0,10000000000001111011000000010001,0.0,20.392156862745097,27.84313725490196,132.0,1113.0,100,-0.0625,573.4,11111110110100001000010000000001,<obd.OBDResponse.Status object at 0x7f304b3d5c90>,13.120000000000001,25.49019607843137,0.998448,1.9607843137254901,29,12.549019607843137,15.294117647058824,15.686274509803921,2.3529411764705883,Gasoline,-0.78125,
1727078499.459612,<obd.OBDResponse.Status object at 0x7f304b403f90>,"('Closed loop, using oxygen sensor feedback to determine fuel mix', '')",40.3921568627451,99,-1.5625,-3.90625,38,789.0,8.0,3.5,50,12.549019607843137,"((), (False, False, False, False), (False, False, True, True))",0.735,India OBD II (IOBD II),280.0,10000000000001111011000000010001,0.0,20.784313725490197,27.84313725490196,132.0,1113.0,100,-0.03125,571.1,11111110110100001000010000000001,<obd.OBDResponse.Status object at 0x7f304b3d6a10>,13.120000000000001,25.88235294117647,0.999424,1.9607843137254901,29,12.549019607843137,15.294117647058824,15.686274509803921,2.7450980392156863,Gasoline,-0.78125,
1727078501.3196633,<obd.OBDResponse.Status object at 0x7f304b4014d0>,"('Closed loop, using oxygen sensor feedback to determine fuel mix', '')",40.0,99,-2.34375,-3.90625,38,794.0,7.0,1.5,50,12.549019607843137,"((), (False, False, False, False), (False, False, True, True))",0.735,India OBD II (IOBD II),282.0,10000000000001111011000000010001,0.0,20.784313725490197,27.84313725490196,132.0,1113.0,100,-0.0078125,568.9,11111110110100001000010000000001,<obd.OBDResponse.Status object at 0x7f304b3d5f50>,13.14,25.88235294117647,0.999424,1.9607843137254901,29,14.509803921568627,19.607843137254903,19.607843137254903,5.882352941176471,Gasoline,-0.78125,
1727078503.1702266,<obd.OBDResponse.Status object at 0x7f304b400410>,"('Closed loop, using oxygen sensor feedback to determine fuel mix', '')",71.76470588235294,99,-1.5625,-2.34375,73,793.0,6.0,1.5,51,20.0,"((), (False, False, False, False), (False, False, True, True))",0.73,India OBD II (IOBD II),284.0,10000000000001111011000000010001,0.0,38.03921568627451,27.84313725490196,132.0,1113.0,100,-0.015625,565.3000000000001,11111110110100001000010000000001,<obd.OBDResponse.Status object at 0x7f304b3d5c10>,13.14,54.509803921568626,0.999424,7.0588235294117645,29,16.470588235294116,15.294117647058824,15.686274509803921,7.450980392156863,Gasoline,-0.78125,
1727078504.9924676,<obd.OBDResponse.Status object at 0x7f304b4036d0>,"('Closed loop, using oxygen sensor feedback to determine fuel mix', '')",30.19607843137255,99,0.0,-2.34375,62,1074.5,8.0,-11.5,50,14.901960784313726,"((), (False, False, False, False), (False, False, True, True))",0.715,India OBD II (IOBD II),286.0,10000000000001111011000000010001,0.0,30.980392156862745,27.84313725490196,132.0,1113.0,100,0.0078125,560.4,11111110110100001000010000000001,<obd.OBDResponse.Status object at 0x7f304b3d7e50>,13.120000000000001,34.90196078431372,0.999424,3.5294117647058822,29,14.117647058823529,15.294117647058824,15.686274509803921,5.098039215686274,Gasoline,-0.78125,
1727078506.7143219,<obd.OBDResponse.Status object at 0x7f304b401f50>,"('Closed loop, using oxygen sensor feedback to determine fuel mix', '')",22.745098039215687,99,2.34375,-3.125,41,933.0,8.0,-7.5,50,12.549019607843137,"((), (False, False, False, False), (False, False, True, True))",0.71,India OBD II (IOBD II),287.0,10000000000001111011000000010001,0.0,15.686274509803921,27.84313725490196,132.0,1113.0,100,-0.01171875,558.3000000000001,11111110110100001000010000000001,<obd.OBDResponse.Status object at 0x7f304b3d7b90>,13.08,24.705882352941178,0.999424,1.5686274509803921,29,12.156862745098039,15.294117647058824,15.294117647058824,2.3529411764705883,Gasoline,-0.78125,
1727078508.4226532,<obd.OBDResponse.Status object at 0x7f304b402010>,"('Closed loop, using oxygen sensor feedback to determine fuel mix', '')",44.705882352941174,98,0.78125,-3.90625,38,761.0,2.0,12.5,50,12.156862745098039,"((), (False, False, False, False), (False, False, True, True))",0.705,India OBD II (IOBD II),289.0,10000000000001111011000000010001,0.0,20.784313725490197,25.88235294117647,132.0,1113.0,100,-0.09375,556.7,11111110110100001000010000000001,<obd.OBDResponse.Status object at 0x7f304b3f74d0>,13.14,26.274509803921568,0.999424,2.3529411764705883,29,12.941176470588236,15.294117647058824,15.294117647058824,2.7450980392156863,Gasoline,-0.78125,
1727078510.176542,<obd.OBDResponse.Status object at 0x7f304b449f50>,"('Closed loop, using oxygen sensor feedback to determine fuel mix', '')",37.64705882352941,98,-2.34375,-3.90625,39,859.5,0.0,2.0,50,12.941176470588236,"((), (False, False, False, False), (False, False, True, True))",0.7,India OBD II (IOBD II),291.0,10000000000001111011000000010001,0.0,20.784313725490197,25.88235294117647,132.0,1113.0,100,-0.0078125,554.8000000000001,11111110110100001000010000000001,<obd.OBDResponse.Status object at 0x7f304b545690>,13.120000000000001,27.058823529411764,0.999424,3.1372549019607843,29,13.72549019607843,15.294117647058824,15.686274509803921,3.5294117647058822,Gasoline,-0.78125,
1727078511.9654615,<obd.OBDResponse.Status object at 0x7f304b3d6d50>,"('Closed loop, using oxygen sensor feedback to determine fuel mix', '')",29.80392156862745,98,-0.78125,-3.90625,39,935.0,0.0,11.0,51,13.72549019607843,"((), (False, False, False, False), (False, False, True, True))",0.695,India OBD II (IOBD II),293.0,10000000000001111011000000010001,0.0,24.313725490196077,25.88235294117647,132.0,1113.0,100,0.0,552.6,11111110110100001000010000000001,<obd.OBDResponse.Status object at 0x7f304b3f6f10>,13.120000000000001,58.8235294117647,0.999424,5.098039215686274,29,16.07843137254902,15.294117647058824,15.686274509803921,7.8431372549019605,Gasoline,-0.78125,
1727078513.7590606,<obd.OBDResponse.Status object at 0x7f304b3d4e10>,"('Closed loop, using oxygen sensor feedback to determine fuel mix', '')",26.274509803921568,98,0.78125,-2.34375,57,1091.0,3.0,-13.0,50,15.294117647058824,"((), (False, False, False, False), (False, False, True, True))",0.695,India OBD II (IOBD II),294.0,10000000000001111011000000010001,0.0,3.5294117647058822,25.88235294117647,132.0,1113.0,100,0.0078125,549.5,11111110110100001000010000000001,<obd.OBDResponse.Status object at 0x7f304b402350>,13.06,36.07843137254902,0.999424,4.313725490196078,29,14.901960784313726,15.294117647058824,15.686274509803921,5.098039215686274,Gasoline,-0.78125,
