STATUS,FUEL_STATUS,ENGINE_LOAD,COOLANT_TEMP,SHORT_FUEL_TRIM_1,LONG_FUEL_TRIM_1,INTAKE_PRESSURE,RPM,SPEED,TIMING_ADVANCE,INTAKE_TEMP,MAF,THROTTLE_POS,O2_SENSORS,O2_B1S2,OBD_COMPLIANCE,RUN_TIME,PIDS_B,DISTANCE_W_MIL,O2_S1_WR_VOLTAGE,COMMANDED_EGR,EVAPORATIVE_PURGE,WARMUPS_SINCE_DTC_CLEAR,DISTANCE_SINCE_DTC_CLEAR,BAROMETRIC_PRESSURE,O2_S1_WR_CURRENT,CATALYST_TEMP_B1S1,CATALYST_TEMP_B1S2,PIDS_C,CONTROL_MODULE_VOLTAGE,ABSOLUTE_LOAD,COMMANDED_EQUIV_RATIO,RELATIVE_THROTTLE_POS,THROTTLE_POS_B,THROTTLE_ACTUATOR,RUN_TIME_MIL,TIME_SINCE_DTC_CLEARED,FUEL_TYPE
,,0.0,83,,,115,1920.0,24.0,,28,13.11,100.0,,,EOBD (Europe),140.0,10010000000101011011000000010101,0.0,,5.098039215686274,,,51231.0,101,,69.2,,01111010000111001000000000000000,14.806000000000001,,,,,0.0,0.0,19561.0,Gasoline
,,0.0,83,,,115,1940.0,28.0,,28,13.11,100.0,,,EOBD (Europe),140.0,10010000000101011011000000010101,0.0,,5.098039215686274,,,51231.0,101,,69.2,,01111010000111001000000000000000,14.806000000000001,,,,,0.0,0.0,19561.0,Gasoline
,,0.0,83,,,115,1960.0,32.0,,28,13.11,100.0,,,EOBD (Europe),140.0,10010000000101011011000000010101,0.0,,5.098039215686274,,,51231.0,101,,69.2,,01111010000111001000000000000000,14.806000000000001,,,,,0.0,0.0,19561.0,Gasoline
,,0.0,83,,,115,1980.0,36.0,,28,13.11,100.0,,,EOBD (Europe),140.0,10010000000101011011000000010101,0.0,,5.098039215686274,,,51231.0,101,,69.2,,01111010000111001000000000000000,14.806000000000001,,,,,0.0,0.0,19561.0,Gasoline
,,0.0,83,,,115,2000.0,40.0,,28,13.11,100.0,,,EOBD (Europe),140.0,10010000000101011011000000010101,0.0,,5.098039215686274,,,51231.0,101,,69.2,,01111010000111001000000000000000,14.806000000000001,,,,,0.0,0.0,19561.0,Gasoline
,,0.0,83,,,115,2020.0,44.0,,28,13.11,100.0,,,EOBD (Europe),140.0,10010000000101011011000000010101,0.0,,5.098039215686274,,,51231.0,101,,69.2,,01111010000111001000000000000000,14.806000000000001,,,,,0.0,0.0,19561.0,Gasoline
,,0.0,83,,,115,2040.0,48.0,,28,13.11,100.0,,,EOBD (Europe),140.0,10010000000101011011000000010101,0.0,,5.098039215686274,,,51231.0,101,,69.2,,01111010000111001000000000000000,14.806000000000001,,,,,0.0,0.0,19561.0,Gasoline
,,0.0,83,,,115,2060.0,52.0,,28,13.11,100.0,,,EOBD (Europe),140.0,10010000000101011011000000010101,0.0,,5.098039215686274,,,51231.0,101,,69.2,,01111010000111001000000000000000,14.806000000000001,,,,,0.0,0.0,19561.0,Gasoline
,,0.0,83,,,115,2080.0,56.0,,28,13.11,100.0,,,EOBD (Europe),140.0,10010000000101011011000000010101,0.0,,5.098039215686274,,,51231.0,101,,69.2,,01111010000111001000000000000000,14.806000000000001,,,,,0.0,0.0,19561.0,Gasoline
,,0.0,83,,,115,2100.0,60.0,,28,13.11,100.0,,,EOBD (Europe),140.0,10010000000101011011000000010101,0.0,,5.098039215686274,,,51231.0,101,,69.2,,01111010000111001000000000000000,14.806000000000001,,,,,0.0,0.0,19561.0,Gasoline
,,0.0,83,,,115,2120.0,64.0,,28,13.11,100.0,,,EOBD (Europe),140.0,10010000000101011011000000010101,0.0,,5.098039215686274,,,51231.0,101,,69.2,,01111010000111001000000000000000,14.806000000000001,,,,,0.0,0.0,19561.0,Gasoline
,,0.0,83,,,115,2140.0,68.0,,28,13.11,100.0,,,EOBD (Europe),140.0,10010000000101011011000000010101,0.0,,5.098039215686274,,,51231.0,101,,69.2,,01111010000111001000000000000000,14.806000000000001,,,,,0.0,0.0,19561.0,Gasoline
,,0.0,83,,,115,2160.0,72.0,,28,13.11,100.0,,,EOBD (Europe),140.0,10010000000101011011000000010101,0.0,,5.098039215686274,,,51231.0,101,,69.2,,01111010000111001000000000000000,14.806000000000001,,,,,0.0,0.0,19561.0,Gasoline
,,0.0,83,,,115,2180.0,76.0,,28,13.11,100.0,,,EOBD (Europe),140.0,10010000000101011011000000010101,0.0,,5.098039215686274,,,51231.0,101,,69.2,,01111010000111001000000000000000,14.806000000000001,,,,,0.0,0.0,19561.0,Gasoline
,,0.0,83,,,115,2200.0,80.0,,28,13.11,100.0,,,EOBD (Europe),140.0,10010000000101011011000000010101,0.0,,5.098039215686274,,,51231.0,101,,69.2,,01111010000111001000000000000000,14.806000000000001,,,,,0.0,0.0,19561.0,Gasoline
,,0.0,83,,,115,2220.0,84.0,,28,13.11,100.0,,,EOBD (Europe),140.0,10010000000101011011000000010101,0.0,,5.098039215686274,,,51231.0,101,,69.2,,01111010000111001000000000000000,14.806000000000001,,,,,0.0,0.0,19561.0,Gasoline
,,0.0,83,,,115,2240.0,88.0,,28,13.11,100.0,,,EOBD (Europe),140.0,10010000000101011011000000010101,0.0,,5.098039215686274,,,51231.0,101,,69.2,,01111010000111001000000000000000,14.806000000000001,,,,,0.0,0.0,19561.0,Gasoline
,,0.0,83,,,115,2260.0,92.0,,28,13.11,100.0,,,EOBD (Europe),140.0,10010000000101011011000000010101,0.0,,5.098039215686274,,,51231.0,101,,69.2,,01111010000111001000000000000000,14.806000000000001,,,,,0.0,0.0,19561.0,Gasoline
,,0.0,83,,,115,2280.0,96.0,,28,13.11,100.0,,,EOBD (Europe),140.0,10010000000101011011000000010101,0.0,,5.098039215686274,,,51231.0,101,,69.2,,01111010000111001000000000000000,14.806000000000001,,,,,0.0,0.0,19561.0,Gasoline
,,0.0,83,,,115,2300.0,100.0,,28,13.11,100.0,,,EOBD (Europe),140.0,10010000000101011011000000010101,0.0,,5.098039215686274,,,51231.0,101,,69.2,,01111010000111001000000000000000,14.806000000000001,,,,,0.0,0.0,19561.0,Gasoline
,,0.0,83,,,115,2320.0,104.0,,28,13.11,100.0,,,EOBD (Europe),140.0,10010000000101011011000000010101,0.0,,5.098039215686274,,,51231.0,101,,69.2,,01111010000111001000000000000000,14.806000000000001,,,,,0.0,0.0,19561.0,Gasoline
,,0.0,83,,,115,2340.0,108.0,,28,13.11,100.0,,,EOBD (Europe),140.0,10010000000101011011000000010101,0.0,,5.098039215686274,,,51231.0,101,,69.2,,01111010000111001000000000000000,14.806000000000001,,,,,0.0,0.0,19561.0,Gasoline
,,0.0,83,,,115,2360.0,112.0,,28,13.11,100.0,,,EOBD (Europe),140.0,10010000000101011011000000010101,0.0,,5.098039215686274,,,51231.0,101,,69.2,,01111010000111001000000000000000,14.806000000000001,,,,,0.0,0.0,19561.0,Gasoline
,,0.0,83,,,115,2380.0,116.0,,28,13.11,100.0,,,EOBD (Europe),140.0,10010000000101011011000000010101,0.0,,5.098039215686274,,,51231.0,101,,69.2,,01111010000111001000000000000000,14.806000000000001,,,,,0.0,0.0,19561.0,Gasoline
,,0.0,83,,,115,2400.0,120.0,,28,13.11,100.0,,,EOBD (Europe),140.0,10010000000101011011000000010101,0.0,,5.098039215686274,,,51231.0,101,,69.2,,01111010000111001000000000000000,14.806000000000001,,,,,0.0,0.0,19561.0,Gasoline
,,0.0,83,,,115,2420.0,116.0,,28,13.11,100.0,,,EOBD (Europe),140.0,10010000000101011011000000010101,0.0,,5.098039215686274,,,51231.0,101,,69.2,,01111010000111001000000000000000,14.806000000000001,,,,,0.0,0.0,19561.0,Gasoline
,,0.0,83,,,115,2440.0,112.0,,28,13.11,100.0,,,EOBD (Europe),140.0,10010000000101011011000000010101,0.0,,5.098039215686274,,,51231.0,101,,69.2,,01111010000111001000000000000000,14.806000000000001,,,,,0.0,0.0,19561.0,Gasoline
,,0.0,83,,,115,2460.0,108.0,,28,13.11,100.0,,,EOBD (Europe),140.0,10010000000101011011000000010101,0.0,,5.098039215686274,,,51231.0,101,,69.2,,01111010000111001000000000000000,14.806000000000001,,,,,0.0,0.0,19561.0,Gasoline
,,0.0,83,,,115,2480.0,104.0,,28,13.11,100.0,,,EOBD (Europe),140.0,10010000000101011011000000010101,0.0,,5.098039215686274,,,51231.0,101,,69.2,,01111010000111001000000000000000,14.806000000000001,,,,,0.0,0.0,19561.0,Gasoline
,,0.0,83,,,115,2500.0,100.0,,28,13.11,100.0,,,EOBD (Europe),140.0,10010000000101011011000000010101,0.0,,5.098039215686274,,,51231.0,101,,69.2,,01111010000111001000000000000000,14.806000000000001,,,,,0.0,0.0,19561.0,Gasoline
,,0.0,83,,,115,2520.0,96.0,,28,13.11,100.0,,,EOBD (Europe),140.0,10010000000101011011000000010101,0.0,,5.098039215686274,,,51231.0,101,,69.2,,01111010000111001000000000000000,14.806000000000001,,,,,0.0,0.0,19561.0,Gasoline
,,0.0,83,,,115,2540.0,92.0,,28,13.11,100.0,,,EOBD (Europe),140.0,10010000000101011011000000010101,0.0,,5.098039215686274,,,51231.0,101,,69.2,,01111010000111001000000000000000,14.806000000000001,,,,,0.0,0.0,19561.0,Gasoline
,,0.0,83,,,115,620.0,4.0,,28,13.11,100.0,,,EOBD (Europe),140.0,10010000000101011011000000010101,0.0,,5.098039215686274,,,51231.0,101,,69.2,,01111010000111001000000000000000,14.806000000000001,,,,,0.0,0.0,19561.0,Gasoline
,,0.0,83,,,115,640.0,8.0,,28,13.11,100.0,,,EOBD (Europe),140.0,10010000000101011011000000010101,0.0,,5.098039215686274,,,51231.0,101,,69.2,,01111010000111001000000000000000,14.806000000000001,,,,,0.0,0.0,19561.0,Gasoline
,,0.0,83,,,115,660.0,12.0,,28,13.11,100.0,,,EOBD (Europe),140.0,10010000000101011011000000010101,0.0,,5.098039215686274,,,51231.0,101,,69.2,,01111010000111001000000000000000,14.806000000000001,,,,,0.0,0.0,19561.0,Gasoline
,,0.0,83,,,115,680.0,16.0,,28,13.11,100.0,,,EOBD (Europe),140.0,10010000000101011011000000010101,0.0,,5.098039215686274,,,51231.0,101,,69.2,,01111010000111001000000000000000,14.806000000000001,,,,,0.0,0.0,19561.0,Gasoline
,,0.0,83,,,115,700.0,20.0,,28,13.11,100.0,,,EOBD (Europe),140.0,10010000000101011011000000010101,0.0,,5.098039215686274,,,51231.0,101,,69.2,,01111010000111001000000000000000,14.806000000000001,,,,,0.0,0.0,19561.0,Gasoline
,,0.0,83,,,115,720.0,24.0,,28,13.11,100.0,,,EOBD (Europe),140.0,10010000000101011011000000010101,0.0,,5.098039215686274,,,51231.0,101,,69.2,,01111010000111001000000000000000,14.806000000000001,,,,,0.0,0.0,19561.0,Gasoline
,,0.0,83,,,115,740.0,28.0,,28,13.11,100.0,,,EOBD (Europe),140.0,10010000000101011011000000010101,0.0,,5.098039215686274,,,51231.0,101,,69.2,,01111010000111001000000000000000,14.806000000000001,,,,,0.0,0.0,19561.0,Gasoline
,,0.0,83,,,115,760.0,32.0,,28,13.11,100.0,,,EOBD (Europe),140.0,10010000000101011011000000010101,0.0,,5.098039215686274,,,51231.0,101,,69.2,,01111010000111001000000000000000,14.806000000000001,,,,,0.0,0.0,19561.0,Gasoline
,,0.0,83,,,115,780.0,36.0,,28,13.11,100.0,,,EOBD (Europe),140.0,10010000000101011011000000010101,0.0,,5.098039215686274,,,51231.0,101,,69.2,,01111010000111001000000000000000,14.806000000000001,,,,,0.0,0.0,19561.0,Gasoline
,,0.0,83,,,115,800.0,40.0,,28,13.11,100.0,,,EOBD (Europe),140.0,10010000000101011011000000010101,0.0,,5.098039215686274,,,51231.0,101,,69.2,,01111010000111001000000000000000,14.806000000000001,,,,,0.0,0.0,19561.0,Gasoline
,,0.0,83,,,115,820.0,44.0,,28,13.11,100.0,,,EOBD (Europe),140.0,10010000000101011011000000010101,0.0,,5.098039215686274,,,51231.0,101,,69.2,,01111010000111001000000000000000,14.806000000000001,,,,,0.0,0.0,19561.0,Gasoline
,,0.0,83,,,115,840.0,48.0,,28,13.11,100.0,,,EOBD (Europe),140.0,10010000000101011011000000010101,0.0,,5.098039215686274,,,51231.0,101,,69.2,,01111010000111001000000000000000,14.806000000000001,,,,,0.0,0.0,19561.0,Gasoline
,,0.0,83,,,115,860.0,52.0,,28,13.11,100.0,,,EOBD (Europe),140.0,10010000000101011011000000010101,0.0,,5.098039215686274,,,51231.0,101,,69.2,,01111010000111001000000000000000,14.806000000000001,,,,,0.0,0.0,19561.0,Gasoline
,,0.0,83,,,115,880.0,56.0,,28,13.11,100.0,,,EOBD (Europe),140.0,10010000000101011011000000010101,0.0,,5.098039215686274,,,51231.0,101,,69.2,,01111010000111001000000000000000,14.806000000000001,,,,,0.0,0.0,19561.0,Gasoline
,,0.0,83,,,115,900.0,60.0,,28,13.11,100.0,,,EOBD (Europe),140.0,10010000000101011011000000010101,0.0,,5.098039215686274,,,51231.0,101,,69.2,,01111010000111001000000000000000,14.806000000000001,,,,,0.0,0.0,19561.0,Gasoline
,,0.0,83,,,115,920.0,64.0,,28,13.11,100.0,,,EOBD (Europe),140.0,10010000000101011011000000010101,0.0,,5.098039215686274,,,51231.0,101,,69.2,,01111010000111001000000000000000,14.806000000000001,,,,,0.0,0.0,19561.0,Gasoline
,,0.0,83,,,115,940.0,68.0,,28,13.11,100.0,,,EOBD (Europe),140.0,10010000000101011011000000010101,0.0,,5.098039215686274,,,51231.0,101,,69.2,,01111010000111001000000000000000,14.806000000000001,,,,,0.0,0.0,19561.0,Gasoline
,,0.0,83,,,115,960.0,72.0,,28,13.11,100.0,,,EOBD (Europe),140.0,10010000000101011011000000010101,0.0,,5.098039215686274,,,51231.0,101,,69.2,,01111010000111001000000000000000,14.806000000000001,,,,,0.0,0.0,19561.0,Gasoline
,,0.0,83,,,115,980.0,76.0,,28,13.11,100.0,,,EOBD (Europe),140.0,10010000000101011011000000010101,0.0,,5.098039215686274,,,51231.0,101,,69.2,,01111010000111001000000000000000,14.806000000000001,,,,,0.0,0.0,19561.0,Gasoline
,,0.0,83,,,115,1000.0,80.0,,28,13.11,100.0,,,EOBD (Europe),140.0,10010000000101011011000000010101,0.0,,5.098039215686274,,,51231.0,101,,69.2,,01111010000111001000000000000000,14.806000000000001,,,,,0.0,0.0,19561.0,Gasoline
,,0.0,83,,,115,1020.0,84.0,,28,13.11,100.0,,,EOBD (Europe),140.0,10010000000101011011000000010101,0.0,,5.098039215686274,,,51231.0,101,,69.2,,01111010000111001000000000000000,14.806000000000001,,,,,0.0,0.0,19561.0,Gasoline
,,0.0,83,,,115,1040.0,88.0,,28,13.11,100.0,,,EOBD (Europe),140.0,10010000000101011011000000010101,0.0,,5.098039215686274,,,51231.0,101,,69.2,,01111010000111001000000000000000,14.806000000000001,,,,,0.0,0.0,19561.0,Gasoline
,,0.0,83,,,115,1060.0,92.0,,28,13.11,100.0,,,EOBD (Europe),140.0,10010000000101011011000000010101,0.0,,5.098039215686274,,,51231.0,101,,69.2,,01111010000111001000000000000000,14.806000000000001,,,,,0.0,0.0,19561.0,Gasoline
,,0.0,83,,,115,1080.0,96.0,,28,13.11,100.0,,,EOBD (Europe),140.0,10010000000101011011000000010101,0.0,,5.098039215686274,,,51231.0,101,,69.2,,01111010000111001000000000000000,14.806000000000001,,,,,0.0,0.0,19561.0,Gasoline
,,0.0,83,,,115,1100.0,100.0,,28,13.11,100.0,,,EOBD (Europe),140.0,10010000000101011011000000010101,0.0,,5.098039215686274,,,51231.0,101,,69.2,,01111010000111001000000000000000,14.806000000000001,,,,,0.0,0.0,19561.0,Gasoline
,,0.0,83,,,115,1120.0,104.0,,28,13.11,100.0,,,EOBD (Europe),140.0,10010000000101011011000000010101,0.0,,5.098039215686274,,,51231.0,101,,69.2,,01111010000111001000000000000000,14.806000000000001,,,,,0.0,0.0,19561.0,Gasoline
,,0.0,83,,,115,1140.0,108.0,,28,13.11,100.0,,,EOBD (Europe),140.0,10010000000101011011000000010101,0.0,,5.098039215686274,,,51231.0,101,,69.2,,01111010000111001000000000000000,14.806000000000001,,,,,0.0,0.0,19561.0,Gasoline
,,0.0,83,,,115,1160.0,112.0,,28,13.11,100.0,,,EOBD (Europe),140.0,10010000000101011011000000010101,0.0,,5.098039215686274,,,51231.0,101,,69.2,,01111010000111001000000000000000,14.806000000000001,,,,,0.0,0.0,19561.0,Gasoline
,,0.0,83,,,115,1180.0,116.0,,28,13.11,100.0,,,EOBD (Europe),140.0,10010000000101011011000000010101,0.0,,5.098039215686274,,,51231.0,101,,69.2,,01111010000111001000000000000000,14.806000000000001,,,,,0.0,0.0,19561.0,Gasoline
,,0.0,83,,,115,1200.0,120.0,,28,13.11,100.0,,,EOBD (Europe),140.0,10010000000101011011000000010101,0.0,,5.098039215686274,,,51231.0,101,,69.2,,01111010000111001000000000000000,14.806000000000001,,,,,0.0,0.0,19561.0,Gasoline
,,0.0,83,,,115,1220.0,116.0,,28,13.11,100.0,,,EOBD (Europe),140.0,10010000000101011011000000010101,0.0,,5.098039215686274,,,51231.0,101,,69.2,,01111010000111001000000000000000,14.806000000000001,,,,,0.0,0.0,19561.0,Gasoline
,,0.0,83,,,115,1240.0,112.0,,28,13.11,100.0,,,EOBD (Europe),140.0,10010000000101011011000000010101,0.0,,5.098039215686274,,,51231.0,101,,69.2,,01111010000111001000000000000000,14.806000000000001,,,,,0.0,0.0,19561.0,Gasoline
,,0.0,83,,,115,1260.0,108.0,,28,13.11,100.0,,,EOBD (Europe),140.0,10010000000101011011000000010101,0.0,,5.098039215686274,,,51231.0,101,,69.2,,01111010000111001000000000000000,14.806000000000001,,,,,0.0,0.0,19561.0,Gasoline
,,0.0,83,,,115,1280.0,104.0,,28,13.11,100.0,,,EOBD (Europe),140.0,10010000000101011011000000010101,0.0,,5.098039215686274,,,51231.0,101,,69.2,,01111010000111001000000000000000,14.806000000000001,,,,,0.0,0.0,19561.0,Gasoline
,,0.0,83,,,115,1300.0,100.0,,28,13.11,100.0,,,EOBD (Europe),140.0,10010000000101011011000000010101,0.0,,5.098039215686274,,,51231.0,101,,69.2,,01111010000111001000000000000000,14.806000000000001,,,,,0.0,0.0,19561.0,Gasoline
,,0.0,83,,,115,1320.0,96.0,,28,13.11,100.0,,,EOBD (Europe),140.0,10010000000101011011000000010101,0.0,,5.098039215686274,,,51231.0,101,,69.2,,01111010000111001000000000000000,14.806000000000001,,,,,0.0,0.0,19561.0,Gasoline
,,0.0,83,,,115,1340.0,92.0,,28,13.11,100.0,,,EOBD (Europe),140.0,10010000000101011011000000010101,0.0,,5.098039215686274,,,51231.0,101,,69.2,,01111010000111001000000000000000,14.806000000000001,,,,,0.0,0.0,19561.0,Gasoline
,,0.0,83,,,115,1360.0,88.0,,28,13.11,100.0,,,EOBD (Europe),140.0,10010000000101011011000000010101,0.0,,5.098039215686274,,,51231.0,101,,69.2,,01111010000111001000000000000000,14.806000000000001,,,,,0.0,0.0,19561.0,Gasoline
,,0.0,83,,,115,1380.0,84.0,,28,13.11,100.0,,,EOBD (Europe),140.0,10010000000101011011000000010101,0.0,,5.098039215686274,,,51231.0,101,,69.2,,01111010000111001000000000000000,14.806000000000001,,,,,0.0,0.0,19561.0,Gasoline
,,0.0,83,,,115,1400.0,80.0,,28,13.11,100.0,,,EOBD (Europe),140.0,10010000000101011011000000010101,0.0,,5.098039215686274,,,51231.0,101,,69.2,,01111010000111001000000000000000,14.806000000000001,,,,,0.0,0.0,19561.0,Gasoline
,,0.0,83,,,115,1420.0,76.0,,28,13.11,100.0,,,EOBD (Europe),140.0,10010000000101011011000000010101,0.0,,5.098039215686274,,,51231.0,101,,69.2,,01111010000111001000000000000000,14.806000000000001,,,,,0.0,0.0,19561.0,Gasoline
,,0.0,83,,,115,1440.0,72.0,,28,13.11,100.0,,,EOBD (Europe),140.0,10010000000101011011000000010101,0.0,,5.098039215686274,,,51231.0,101,,69.2,,01111010000111001000000000000000,14.806000000000001,,,,,0.0,0.0,19561.0,Gasoline
,,0.0,83,,,115,1460.0,68.0,,28,13.11,100.0,,,EOBD (Europe),140.0,10010000000101011011000000010101,0.0,,5.098039215686274,,,51231.0,101,,69.2,,01111010000111001000000000000000,14.806000000000001,,,,,0.0,0.0,19561.0,Gasoline
,,0.0,83,,,115,1480.0,64.0,,28,13.11,100.0,,,EOBD (Europe),140.0,10010000000101011011000000010101,0.0,,5.098039215686274,,,51231.0,101,,69.2,,01111010000111001000000000000000,14.806000000000001,,,,,0.0,0.0,19561.0,Gasoline
,,0.0,83,,,115,1500.0,60.0,,28,13.11,100.0,,,EOBD (Europe),140.0,10010000000101011011000000010101,0.0,,5.098039215686274,,,51231.0,101,,69.2,,01111010000111001000000000000000,14.806000000000001,,,,,0.0,0.0,19561.0,Gasoline
,,0.0,83,,,115,1520.0,56.0,,28,13.11,100.0,,,EOBD (Europe),140.0,10010000000101011011000000010101,0.0,,5.098039215686274,,,51231.0,101,,69.2,,01111010000111001000000000000000,14.806000000000001,,,,,0.0,0.0,19561.0,Gasoline
,,0.0,83,,,115,1540.0,52.0,,28,13.11,100.0,,,EOBD (Europe),140.0,10010000000101011011000000010101,0.0,,5.098039215686274,,,51231.0,101,,69.2,,01111010000111001000000000000000,14.806000000000001,,,,,0.0,0.0,19561.0,Gasoline
,,0.0,83,,,115,1560.0,48.0,,28,13.11,100.0,,,EOBD (Europe),140.0,10010000000101011011000000010101,0.0,,5.098039215686274,,,51231.0,101,,69.2,,01111010000111001000000000000000,14.806000000000001,,,,,0.0,0.0,19561.0,Gasoline
