ABSOLUTE_LOAD,ACCELERATOR_POS_D,ACCELERATOR_POS_E,BAROMETRIC_PRESSURE,CALIBRATION_ID,CLEAR_DTC,CONTROL_MODULE_VOLTAGE,COOLANT_TEMP,DISTANCE_SINCE_DTC_CLEAR,DISTANCE_W_MIL,DTC_ABSOLUTE_LOAD,DTC_ACCELERATOR_POS_D,DTC_ACCELERATOR_POS_E,DTC_BAROMETRIC_PRESSURE,DTC_CONTROL_MODULE_VOLTAGE,DTC_COOLANT_TEMP,DTC_DISTANCE_SINCE_DTC_CLEAR,DTC_DISTANCE_W_MIL,DTC_ENGINE_LOAD,DTC_EVAPORATIVE_PURGE,DTC_FUEL_STATUS,DTC_INTAKE_PRESSURE,DTC_INTAKE_TEMP,DTC_LONG_FUEL_TRIM_1,DTC_O2_B1S1,DTC_O2_B1S2,DTC_O2_SENSORS,DTC_OBD_COMPLIANCE,DTC_PIDS_B,DTC_PIDS_C,DTC_RELATIVE_THROTTLE_POS,DTC_RPM,DTC_RUN_TIME,DTC_SHORT_FUEL_TRIM_1,DTC_SPEED,DTC_STATUS,DTC_THROTTLE_ACTUATOR,DTC_THROTTLE_POS,DTC_THROTTLE_POS_B,DTC_TIMING_ADVANCE,DTC_WARMUPS_SINCE_DTC_CLEAR,ELM_VERSION,ELM_VOLTAGE,ENGINE_LOAD,EVAPORATIVE_PURGE,FUEL_STATUS,GET_CURRENT_DTC,GET_DTC,INTAKE_PRESSURE,INTAKE_TEMP,LONG_FUEL_TRIM_1,MIDS_A,MIDS_B,MONITOR_CATALYST_B1,MONITOR_O2_B1S1,O2_B1S1,O2_B1S2,O2_SENSORS,OBD_COMPLIANCE,PIDS_9A,PIDS_A,PIDS_B,PIDS_C,RELATIVE_THROTTLE_POS,RPM,RUN_TIME,SHORT_FUEL_TRIM_1,SPEED,STATUS,THROTTLE_ACTUATOR,THROTTLE_POS,THROTTLE_POS_B,TIMING_ADVANCE,WARMUPS_SINCE_DTC_CLEAR,TIMESTAMP_OBD,MERGED_TIMESTAMP,TIMESTAMP_EPS8266,GPS_STATUS,LATITUDE,LONGITUDE,ACC_X,ACC_Y,ACC_Z,GYRO_X,GYRO_Y,GYRO_Z,VIBRATION_STATUS
21.96078431372549 percent,17.254901960784313 percent,8.627450980392156 percent,100 kilopascal,bytearray(b'33920-67P0*'),,13.77 volt,50 degree_Celsius,0.0 kilometer,0.0 kilometer,,,,,,,,,,,,,,,,,,,,,,,,,,,,,,,,ELM327 v1.5,13.8 volt,24.705882352941178 percent,0.0 percent,"('Closed loop, using oxygen sensor feedback to determine fuel mix', '')",[],[],32 kilopascal,40 degree_Celsius,-3.125 percent,10000000000000000000000000000001,10000000000000000000000000000000,Unknown : 0.0 millisecond [PASSED],Sensor period : 0.0 millisecond [PASSED],0.065 volt,1.275 volt,"((), (False, False, False, False), (False, False, True, True))",EOBD (Europe),0001000000000000000000000000000000000000,10111110001111101011100000010011,10000000000001011010000000000001,01101010110100000000000000000000,6.2745098039215685 percent,1009.25 revolutions_per_minute,79.0 second,-5.46875 percent,0.0 kilometer_per_hour,<obd.OBDResponse.Status object at 0x733fa278ae60>,7.8431372549019605 percent,15.294117647058824 percent,14.901960784313726 percent,5.5 degree,0.0 count,2025-04-24 16:43:08,2025-04-24 16:43:11,2025-04-24 16:43:08,Signal Acquired,15.516479,73.945877,1.02,2.16,8.59,-0.04,0.02,-0.0,DETECTED
,,,,,,,,,,,,,,,,,,,,,,,,,,,,,,,,,,,,,,,,,,,,,,,,,,,,,,,,,,,,,,,,,,,,,,,,,,,,2025-04-24 16:43:08,Signal Acquired,15.516479,73.945877,1.4,2.3,8.58,-0.0,0.02,0.0,DETECTED
,,,,,,,,,,,,,,,,,,,,,,,,,,,,,,,,,,,,,,,,,,,,,,,,,,,,,,,,,,,,,,,,,,,,,,,,,,,,2025-04-24 16:43:09,Signal Acquired,15.516482,73.945876,1.49,2.12,8.92,-0.08,-0.08,0.0,DETECTED
23.52941176470588 percent,14.901960784313726 percent,7.450980392156863 percent,100 kilopascal,bytearray(b'33920-67P0*'),,13.696 volt,51 degree_Celsius,0.0 kilometer,0.0 kilometer,,,,,,,,,,,,,,,,,,,,,,,,,,,,,,,,ELM327 v1.5,13.8 volt,28.235294117647058 percent,0.0 percent,"('Closed loop, using oxygen sensor feedback to determine fuel mix', '')",[],[],35 kilopascal,40 degree_Celsius,-3.125 percent,10000000000000000000000000000001,10000000000000000000000000000000,Unknown : 0.0 millisecond [PASSED],Sensor period : 0.0 millisecond [PASSED],0.095 volt,1.275 volt,"((), (False, False, False, False), (False, False, True, True))",EOBD (Europe),0001000000000000000000000000000000000000,10111110001111101011100000010011,10000000000001011010000000000001,01101010110100000000000000000000,5.490196078431373 percent,826.5 revolutions_per_minute,84.0 second,-0.78125 percent,0.0 kilometer_per_hour,<obd.OBDResponse.Status object at 0x733fa27ca680>,6.666666666666667 percent,14.509803921568627 percent,14.117647058823529 percent,8.0 degree,0.0 count,2025-04-24 16:43:13,2025-04-24 16:43:16,2025-04-24 16:43:13,Signal Acquired,15.516482,73.945876,1.19,2.2,9.11,-0.04,-0.0,-0.01,DETECTED
,,,,,,,,,,,,,,,,,,,,,,,,,,,,,,,,,,,,,,,,,,,,,,,,,,,,,,,,,,,,,,,,,,,,,,,,,,,,2025-04-24 16:43:13,Signal Acquired,15.516483,73.945876,2.28,1.75,8.86,-0.06,0.01,-0.0,DETECTED
,,,,,,,,,,,,,,,,,,,,,,,,,,,,,,,,,,,,,,,,,,,,,,,,,,,,,,,,,,,,,,,,,,,,,,,,,,,,2025-04-24 16:43:13,Signal Acquired,15.516483,73.945876,1.31,2.26,8.61,-0.01,0.02,0.0,DETECTED
20.784313725490197 percent,14.901960784313726 percent,7.450980392156863 percent,100 kilopascal,bytearray(b'33920-67P0*'),,13.809000000000001 volt,52 degree_Celsius,0.0 kilometer,0.0 kilometer,,,,,,,,,,,,,,,,,,,,,,,,,,,,,,,,ELM327 v1.5,13.8 volt,25.88235294117647 percent,0.0 percent,"('Closed loop, using oxygen sensor feedback to determine fuel mix', '')",[],[],33 kilopascal,40 degree_Celsius,-3.125 percent,10000000000000000000000000000001,10000000000000000000000000000000,Unknown : 0.0 millisecond [PASSED],Sensor period : 0.0 millisecond [PASSED],0.28 volt,1.275 volt,"((), (False, False, False, False), (False, False, True, True))",EOBD (Europe),0001000000000000000000000000000000000000,10111110001111101011100000010011,10000000000001011010000000000001,01101010110100000000000000000000,5.098039215686274 percent,780.5 revolutions_per_minute,89.0 second,-3.90625 percent,0.0 kilometer_per_hour,<obd.OBDResponse.Status object at 0x733fa0e39630>,6.666666666666667 percent,14.117647058823529 percent,14.117647058823529 percent,13.0 degree,0.0 count,2025-04-24 16:43:17,2025-04-24 16:43:21,2025-04-24 16:43:17,Signal Acquired,15.516486,73.945877,1.49,2.1,8.92,-0.03,0.02,-0.0,DETECTED
,,,,,,,,,,,,,,,,,,,,,,,,,,,,,,,,,,,,,,,,,,,,,,,,,,,,,,,,,,,,,,,,,,,,,,,,,,,,2025-04-24 16:43:17,Signal Acquired,15.516486,73.945877,1.37,2.14,8.73,-0.04,0.01,-0.0,DETECTED
,,,,,,,,,,,,,,,,,,,,,,,,,,,,,,,,,,,,,,,,,,,,,,,,,,,,,,,,,,,,,,,,,,,,,,,,,,,,2025-04-24 16:43:17,Signal Acquired,15.51649,73.945877,1.47,2.16,9.08,-0.04,0.01,-0.0,DETECTED
20.392156862745097 percent,14.901960784313726 percent,7.450980392156863 percent,100 kilopascal,bytearray(b'33920-67P0*'),,13.784 volt,52 degree_Celsius,0.0 kilometer,0.0 kilometer,,,,,,,,,,,,,,,,,,,,,,,,,,,,,,,,ELM327 v1.5,13.7 volt,25.88235294117647 percent,0.0 percent,"('Closed loop, using oxygen sensor feedback to determine fuel mix', '')",[],[],33 kilopascal,40 degree_Celsius,-3.125 percent,10000000000000000000000000000001,10000000000000000000000000000000,Unknown : 0.0 millisecond [PASSED],Sensor period : 0.0 millisecond [PASSED],0.11 volt,1.275 volt,"((), (False, False, False, False), (False, False, True, True))",EOBD (Europe),0001000000000000000000000000000000000000,10111110001111101011100000010011,10000000000001011010000000000001,01101010110100000000000000000000,5.098039215686274 percent,760.75 revolutions_per_minute,93.0 second,-3.125 percent,0.0 kilometer_per_hour,<obd.OBDResponse.Status object at 0x733fa0e572e0>,6.2745098039215685 percent,14.117647058823529 percent,14.117647058823529 percent,15.5 degree,0.0 count,2025-04-24 16:43:22,2025-04-24 16:43:26,2025-04-24 16:43:22,Signal Acquired,15.51649,73.945877,1.45,2.12,8.98,-0.05,-0.03,-0.0,DETECTED
,,,,,,,,,,,,,,,,,,,,,,,,,,,,,,,,,,,,,,,,,,,,,,,,,,,,,,,,,,,,,,,,,,,,,,,,,,,,2025-04-24 16:43:22,Signal Acquired,15.516489,73.945877,1.08,2.21,8.51,-0.04,0.03,-0.0,DETECTED
,,,,,,,,,,,,,,,,,,,,,,,,,,,,,,,,,,,,,,,,,,,,,,,,,,,,,,,,,,,,,,,,,,,,,,,,,,,,2025-04-24 16:43:22,Signal Acquired,15.516489,73.945877,1.74,2.04,9.13,-0.04,-0.03,-0.0,DETECTED
20.0 percent,14.901960784313726 percent,7.450980392156863 percent,100 kilopascal,bytearray(b'33920-67P0*'),,0.0 volt,53 degree_Celsius,0.0 kilometer,0.0 kilometer,,,,,,,,,,,,,,,,,,,,,,,,,,,,,,,,ELM327 v1.5,13.8 volt,25.88235294117647 percent,0.0 percent,"('Closed loop, using oxygen sensor feedback to determine fuel mix', '')",[],[],33 kilopascal,40 degree_Celsius,-3.125 percent,10000000000000000000000000000001,10000000000000000000000000000000,Unknown : 0.0 millisecond [PASSED],Sensor period : 0.0 millisecond [PASSED],0.775 volt,1.275 volt,"((), (False, False, False, False), (False, False, True, True))",EOBD (Europe),0001000000000000000000000000000000000000,10111110001111101011100000010011,10000000000001011010000000000001,01101010110100000000000000000000,5.098039215686274 percent,778.75 revolutions_per_minute,98.0 second,-3.125 percent,0.0 kilometer_per_hour,<obd.OBDResponse.Status object at 0x733fa0e3b2b0>,6.2745098039215685 percent,14.117647058823529 percent,13.72549019607843 percent,12.0 degree,0.0 count,2025-04-24 16:43:27,2025-04-24 16:43:30,2025-04-24 16:43:27,Signal Acquired,15.51649,73.945877,1.18,2.26,8.44,-0.01,0.05,0.01,DETECTED
,,,,,,,,,,,,,,,,,,,,,,,,,,,,,,,,,,,,,,,,,,,,,,,,,,,,,,,,,,,,,,,,,,,,,,,,,,,,2025-04-24 16:43:27,Signal Acquired,15.51649,73.945877,1.31,2.18,9.07,-0.05,-0.02,0.0,DETECTED
,,,,,,,,,,,,,,,,,,,,,,,,,,,,,,,,,,,,,,,,,,,,,,,,,,,,,,,,,,,,,,,,,,,,,,,,,,,,2025-04-24 16:43:27,Signal Acquired,15.516492,73.945878,1.71,2.05,8.57,-0.03,0.04,-0.0,DETECTED
20.392156862745097 percent,14.901960784313726 percent,7.450980392156863 percent,100 kilopascal,bytearray(b'33920-67P0*'),,13.584 volt,54 degree_Celsius,0.0 kilometer,0.0 kilometer,,,,,,,,,,,,,,,,,,,,,,,,,,,,,,,,ELM327 v1.5,13.7 volt,25.49019607843137 percent,0.0 percent,"('Closed loop, using oxygen sensor feedback to determine fuel mix', '')",[],[],33 kilopascal,40 degree_Celsius,-3.125 percent,10000000000000000000000000000001,10000000000000000000000000000000,Unknown : 0.0 millisecond [PASSED],Sensor period : 0.0 millisecond [PASSED],0.83 volt,1.275 volt,"((), (False, False, False, False), (False, False, True, True))",EOBD (Europe),0001000000000000000000000000000000000000,10111110001111101011100000010011,10000000000001011010000000000001,01101010110100000000000000000000,5.098039215686274 percent,766.25 revolutions_per_minute,103.0 second,-3.90625 percent,0.0 kilometer_per_hour,<obd.OBDResponse.Status object at 0x733fa0e6bd90>,6.2745098039215685 percent,14.117647058823529 percent,13.72549019607843 percent,15.5 degree,0.0 count,2025-04-24 16:43:31,2025-04-24 16:43:35,2025-04-24 16:43:31,Signal Acquired,15.516492,73.945878,0.81,2.16,8.45,-0.05,0.05,-0.01,DETECTED
,,,,,,,,,,,,,,,,,,,,,,,,,,,,,,,,,,,,,,,,,,,,,,,,,,,,,,,,,,,,,,,,,,,,,,,,,,,,2025-04-24 16:43:31,Signal Acquired,15.516489,73.945879,1.63,2.1,8.78,-0.05,-0.01,-0.0,DETECTED
,,,,,,,,,,,,,,,,,,,,,,,,,,,,,,,,,,,,,,,,,,,,,,,,,,,,,,,,,,,,,,,,,,,,,,,,,,,,2025-04-24 16:43:31,Signal Acquired,15.516489,73.945879,2.0,2.05,8.7,-0.02,0.03,-0.0,DETECTED
20.0 percent,14.901960784313726 percent,7.450980392156863 percent,100 kilopascal,bytearray(b'33920-67P0*'),,13.823 volt,54 degree_Celsius,0.0 kilometer,0.0 kilometer,,,,,,,,,,,,,,,,,,,,,,,,,,,,,,,,ELM327 v1.5,13.6 volt,25.49019607843137 percent,0.0 percent,"('Closed loop, using oxygen sensor feedback to determine fuel mix', '')",[],[],31 kilopascal,40 degree_Celsius,-3.125 percent,10000000000000000000000000000001,10000000000000000000000000000000,Unknown : 0.0 millisecond [PASSED],Sensor period : 0.0 millisecond [PASSED],0.815 volt,1.275 volt,"((), (False, False, False, False), (False, False, True, True))",EOBD (Europe),0001000000000000000000000000000000000000,10111110001111101011100000010011,10000000000001011010000000000001,01101010110100000000000000000000,5.098039215686274 percent,748.25 revolutions_per_minute,108.0 second,-3.90625 percent,0.0 kilometer_per_hour,<obd.OBDResponse.Status object at 0x733fa0e69ae0>,6.2745098039215685 percent,14.117647058823529 percent,13.72549019607843 percent,12.5 degree,0.0 count,2025-04-24 16:43:36,2025-04-24 16:43:40,2025-04-24 16:43:36,Signal Acquired,15.516486,73.945881,1.7,2.1,8.69,0.01,0.06,0.0,DETECTED
,,,,,,,,,,,,,,,,,,,,,,,,,,,,,,,,,,,,,,,,,,,,,,,,,,,,,,,,,,,,,,,,,,,,,,,,,,,,2025-04-24 16:43:36,Signal Acquired,15.516486,73.945881,1.19,2.2,8.53,-0.02,0.06,-0.0,DETECTED
,,,,,,,,,,,,,,,,,,,,,,,,,,,,,,,,,,,,,,,,,,,,,,,,,,,,,,,,,,,,,,,,,,,,,,,,,,,,2025-04-24 16:43:36,Signal Acquired,15.516482,73.945882,1.74,2.04,8.61,-0.0,0.06,-0.01,DETECTED
20.0 percent,14.901960784313726 percent,7.450980392156863 percent,100 kilopascal,bytearray(b'33920-67P0*'),,13.784 volt,55 degree_Celsius,0.0 kilometer,0.0 kilometer,,,,,,,,,,,,,,,,,,,,,,,,,,,,,,,,ELM327 v1.5,13.6 volt,25.49019607843137 percent,0.0 percent,"('Closed loop, using oxygen sensor feedback to determine fuel mix', '')",[],[],32 kilopascal,40 degree_Celsius,-3.125 percent,10000000000000000000000000000001,10000000000000000000000000000000,Unknown : 0.0 millisecond [PASSED],Sensor period : 0.0 millisecond [PASSED],0.82 volt,1.275 volt,"((), (False, False, False, False), (False, False, True, True))",EOBD (Europe),0001000000000000000000000000000000000000,10111110001111101011100000010011,10000000000001011010000000000001,01101010110100000000000000000000,5.098039215686274 percent,745.5 revolutions_per_minute,113.0 second,-3.90625 percent,0.0 kilometer_per_hour,<obd.OBDResponse.Status object at 0x733fa0e7c790>,6.2745098039215685 percent,14.117647058823529 percent,13.72549019607843 percent,13.5 degree,0.0 count,2025-04-24 16:43:41,2025-04-24 16:43:45,2025-04-24 16:43:41,Signal Acquired,15.516482,73.945882,1.96,2.02,8.74,0.02,0.05,0.0,DETECTED
,,,,,,,,,,,,,,,,,,,,,,,,,,,,,,,,,,,,,,,,,,,,,,,,,,,,,,,,,,,,,,,,,,,,,,,,,,,,2025-04-24 16:43:41,Signal Acquired,15.516483,73.945882,2.02,1.91,8.87,-0.01,0.03,-0.0,DETECTED
,,,,,,,,,,,,,,,,,,,,,,,,,,,,,,,,,,,,,,,,,,,,,,,,,,,,,,,,,,,,,,,,,,,,,,,,,,,,2025-04-24 16:43:41,Signal Acquired,15.516483,73.945882,2.02,1.88,9.09,-0.03,-0.04,0.0,DETECTED
21.56862745098039 percent,14.901960784313726 percent,7.450980392156863 percent,100 kilopascal,bytearray(b'33920-67P0*'),,13.662 volt,55 degree_Celsius,0.0 kilometer,0.0 kilometer,,,,,,,,,,,,,,,,,,,,,,,,,,,,,,,,ELM327 v1.5,13.7 volt,26.666666666666668 percent,0.0 percent,"('Closed loop, using oxygen sensor feedback to determine fuel mix', '')",[],[],34 kilopascal,40 degree_Celsius,-3.125 percent,10000000000000000000000000000001,10000000000000000000000000000000,Unknown : 0.0 millisecond [PASSED],Sensor period : 0.0 millisecond [PASSED],0.075 volt,1.275 volt,"((), (False, False, False, False), (False, False, True, True))",EOBD (Europe),0001000000000000000000000000000000000000,10111110001111101011100000010011,10000000000001011010000000000001,01101010110100000000000000000000,5.098039215686274 percent,757.25 revolutions_per_minute,118.0 second,-1.5625 percent,0.0 kilometer_per_hour,<obd.OBDResponse.Status object at 0x733fa0eb4a30>,6.2745098039215685 percent,14.117647058823529 percent,13.72549019607843 percent,13.5 degree,0.0 count,2025-04-24 16:43:47,2025-04-24 16:43:50,2025-04-24 16:43:46,Signal Acquired,15.516483,73.945883,0.92,2.33,8.51,-0.08,-0.01,-0.01,DETECTED
,,,,,,,,,,,,,,,,,,,,,,,,,,,,,,,,,,,,,,,,,,,,,,,,,,,,,,,,,,,,,,,,,,,,,,,,,,,,2025-04-24 16:43:46,Signal Acquired,15.516483,73.945883,0.57,2.54,8.29,-0.02,0.06,-0.0,DETECTED
,,,,,,,,,,,,,,,,,,,,,,,,,,,,,,,,,,,,,,,,,,,,,,,,,,,,,,,,,,,,,,,,,,,,,,,,,,,,2025-04-24 16:43:46,Signal Acquired,15.516483,73.945885,1.03,2.25,8.48,-0.01,0.06,-0.0,DETECTED
20.0 percent,14.901960784313726 percent,7.450980392156863 percent,100 kilopascal,bytearray(b'33920-67P0*'),,0.0 volt,56 degree_Celsius,0.0 kilometer,0.0 kilometer,,,,,,,,,,,,,,,,,,,,,,,,,,,,,,,,ELM327 v1.5,13.8 volt,25.49019607843137 percent,0.0 percent,"('Closed loop, using oxygen sensor feedback to determine fuel mix', '')",[],[],32 kilopascal,40 degree_Celsius,-3.125 percent,10000000000000000000000000000001,10000000000000000000000000000000,Unknown : 0.0 millisecond [PASSED],Sensor period : 0.0 millisecond [PASSED],0.85 volt,1.275 volt,"((), (False, False, False, False), (False, False, True, True))",EOBD (Europe),0001000000000000000000000000000000000000,10111110001111101011100000010011,10000000000001011010000000000001,01101010110100000000000000000000,4.705882352941177 percent,742.5 revolutions_per_minute,123.0 second,-3.90625 percent,0.0 kilometer_per_hour,<obd.OBDResponse.Status object at 0x733fa0eb4040>,6.2745098039215685 percent,14.117647058823529 percent,14.117647058823529 percent,28.5 degree,0.0 count,2025-04-24 16:43:51,2025-04-24 16:43:55,2025-04-24 16:43:51,Signal Acquired,15.516483,73.945885,2.18,2.07,8.92,-0.01,0.0,0.0,DETECTED
,,,,,,,,,,,,,,,,,,,,,,,,,,,,,,,,,,,,,,,,,,,,,,,,,,,,,,,,,,,,,,,,,,,,,,,,,,,,2025-04-24 16:43:51,Signal Acquired,15.516477,73.945886,1.15,2.18,8.56,-0.08,-0.01,0.0,DETECTED
,,,,,,,,,,,,,,,,,,,,,,,,,,,,,,,,,,,,,,,,,,,,,,,,,,,,,,,,,,,,,,,,,,,,,,,,,,,,2025-04-24 16:43:51,Signal Acquired,15.516477,73.945886,0.74,2.51,8.52,0.02,0.09,-0.0,DETECTED
21.176470588235293 percent,14.901960784313726 percent,7.450980392156863 percent,100 kilopascal,bytearray(b'33920-67P0*'),,0.0 volt,56 degree_Celsius,0.0 kilometer,0.0 kilometer,,,,,,,,,,,,,,,,,,,,,,,,,,,,,,,,ELM327 v1.5,13.7 volt,26.666666666666668 percent,0.0 percent,"('Closed loop, using oxygen sensor feedback to determine fuel mix', '')",[],[],32 kilopascal,40 degree_Celsius,-3.125 percent,10000000000000000000000000000001,10000000000000000000000000000000,Unknown : 0.0 millisecond [PASSED],Sensor period : 0.0 millisecond [PASSED],0.075 volt,1.275 volt,"((), (False, False, False, False), (False, False, True, True))",EOBD (Europe),0001000000000000000000000000000000000000,10111110001111101011100000010011,10000000000001011010000000000001,01101010110100000000000000000000,5.098039215686274 percent,754.0 revolutions_per_minute,127.0 second,-0.78125 percent,0.0 kilometer_per_hour,<obd.OBDResponse.Status object at 0x733fa0ecbfd0>,6.2745098039215685 percent,14.117647058823529 percent,13.72549019607843 percent,12.0 degree,0.0 count,2025-04-24 16:43:56,2025-04-24 16:43:59,2025-04-24 16:43:56,Signal Acquired,15.516474,73.945888,2.11,1.88,8.94,-0.0,0.03,0.0,DETECTED
,,,,,,,,,,,,,,,,,,,,,,,,,,,,,,,,,,,,,,,,,,,,,,,,,,,,,,,,,,,,,,,,,,,,,,,,,,,,2025-04-24 16:43:56,Signal Acquired,15.516474,73.945888,1.69,1.86,8.88,-0.07,-0.03,0.0,DETECTED
,,,,,,,,,,,,,,,,,,,,,,,,,,,,,,,,,,,,,,,,,,,,,,,,,,,,,,,,,,,,,,,,,,,,,,,,,,,,2025-04-24 16:43:56,Signal Acquired,15.516475,73.945888,0.57,2.54,8.47,-0.03,0.09,-0.0,DETECTED
20.0 percent,14.901960784313726 percent,7.450980392156863 percent,100 kilopascal,bytearray(b'33920-67P0*'),,0.0 volt,57 degree_Celsius,0.0 kilometer,0.0 kilometer,,,,,,,,,,,,,,,,,,,,,,,,,,,,,,,,ELM327 v1.5,13.7 volt,25.49019607843137 percent,0.0 percent,"('Closed loop, using oxygen sensor feedback to determine fuel mix', '')",[],[],32 kilopascal,40 degree_Celsius,-3.125 percent,10000000000000000000000000000001,10000000000000000000000000000000,Unknown : 0.0 millisecond [PASSED],Sensor period : 0.0 millisecond [PASSED],0.81 volt,1.275 volt,"((), (False, False, False, False), (False, False, True, True))",EOBD (Europe),0001000000000000000000000000000000000000,10111110001111101011100000010011,10000000000001011010000000000001,01101010110100000000000000000000,4.705882352941177 percent,721.0 revolutions_per_minute,132.0 second,-2.34375 percent,0.0 kilometer_per_hour,<obd.OBDResponse.Status object at 0x733fa0eca500>,6.2745098039215685 percent,14.117647058823529 percent,13.72549019607843 percent,12.0 degree,0.0 count,2025-04-24 16:44:01,2025-04-24 16:44:04,2025-04-24 16:44:01,Signal Acquired,15.516475,73.945888,2.32,1.96,9.12,-0.01,-0.02,0.0,DETECTED
,,,,,,,,,,,,,,,,,,,,,,,,,,,,,,,,,,,,,,,,,,,,,,,,,,,,,,,,,,,,,,,,,,,,,,,,,,,,2025-04-24 16:44:01,Signal Acquired,15.516478,73.945888,0.49,2.54,8.7,-0.08,0.02,-0.01,DETECTED
,,,,,,,,,,,,,,,,,,,,,,,,,,,,,,,,,,,,,,,,,,,,,,,,,,,,,,,,,,,,,,,,,,,,,,,,,,,,2025-04-24 16:44:01,Signal Acquired,15.516478,73.945888,1.26,2.31,8.5,0.01,0.07,-0.0,DETECTED
19.607843137254903 percent,16.07843137254902 percent,10.196078431372548 percent,100 kilopascal,bytearray(b'33920-67P0*'),,0.0 volt,58 degree_Celsius,0.0 kilometer,0.0 kilometer,,,,,,,,,,,,,,,,,,,,,,,,,,,,,,,,ELM327 v1.5,13.7 volt,28.235294117647058 percent,0.0 percent,"('Closed loop, using oxygen sensor feedback to determine fuel mix', '')",[],[],35 kilopascal,40 degree_Celsius,-3.125 percent,10000000000000000000000000000001,10000000000000000000000000000000,Unknown : 0.0 millisecond [PASSED],Sensor period : 0.0 millisecond [PASSED],0.055 volt,1.275 volt,"((), (False, False, False, False), (False, False, True, True))",EOBD (Europe),0001000000000000000000000000000000000000,10111110001111101011100000010011,10000000000001011010000000000001,01101010110100000000000000000000,5.490196078431373 percent,812.0 revolutions_per_minute,137.0 second,-0.78125 percent,0.0 kilometer_per_hour,<obd.OBDResponse.Status object at 0x733fa0e9e560>,7.0588235294117645 percent,14.509803921568627 percent,14.509803921568627 percent,6.0 degree,0.0 count,2025-04-24 16:44:06,2025-04-24 16:44:09,2025-04-24 16:44:06,Signal Acquired,15.516479,73.945888,2.07,1.83,8.78,-0.04,-0.03,-0.0,DETECTED
,,,,,,,,,,,,,,,,,,,,,,,,,,,,,,,,,,,,,,,,,,,,,,,,,,,,,,,,,,,,,,,,,,,,,,,,,,,,2025-04-24 16:44:06,Signal Acquired,15.516479,73.945888,0.26,2.32,8.64,-0.08,0.06,-0.02,DETECTED
,,,,,,,,,,,,,,,,,,,,,,,,,,,,,,,,,,,,,,,,,,,,,,,,,,,,,,,,,,,,,,,,,,,,,,,,,,,,2025-04-24 16:44:06,Signal Acquired,15.51648,73.945888,1.92,2.08,8.82,0.02,0.03,0.0,DETECTED
22.745098039215687 percent,14.901960784313726 percent,7.450980392156863 percent,100 kilopascal,bytearray(b'33920-67P0*'),,13.701 volt,58 degree_Celsius,0.0 kilometer,0.0 kilometer,,,,,,,,,,,,,,,,,,,,,,,,,,,,,,,,ELM327 v1.5,13.8 volt,30.19607843137255 percent,0.0 percent,"('Closed loop, using oxygen sensor feedback to determine fuel mix', '')",[],[],35 kilopascal,40 degree_Celsius,-3.125 percent,10000000000000000000000000000001,10000000000000000000000000000000,Unknown : 0.0 millisecond [PASSED],Sensor period : 0.0 millisecond [PASSED],0.89 volt,1.275 volt,"((), (False, False, False, False), (False, False, True, True))",EOBD (Europe),0001000000000000000000000000000000000000,10111110001111101011100000010011,10000000000001011010000000000001,01101010110100000000000000000000,5.098039215686274 percent,818.75 revolutions_per_minute,142.0 second,-1.5625 percent,0.0 kilometer_per_hour,<obd.OBDResponse.Status object at 0x733fa0efdb70>,6.666666666666667 percent,14.117647058823529 percent,14.117647058823529 percent,18.5 degree,0.0 count,2025-04-24 16:44:11,2025-04-24 16:44:14,2025-04-24 16:44:10,Signal Acquired,15.51648,73.945888,1.87,1.87,8.79,-0.07,-0.05,0.0,DETECTED
,,,,,,,,,,,,,,,,,,,,,,,,,,,,,,,,,,,,,,,,,,,,,,,,,,,,,,,,,,,,,,,,,,,,,,,,,,,,2025-04-24 16:44:10,Signal Acquired,15.516483,73.945888,0.46,2.51,8.69,-0.02,0.08,-0.0,DETECTED
,,,,,,,,,,,,,,,,,,,,,,,,,,,,,,,,,,,,,,,,,,,,,,,,,,,,,,,,,,,,,,,,,,,,,,,,,,,,2025-04-24 16:44:10,Signal Acquired,15.516483,73.945888,2.23,2.04,8.98,0.01,0.0,0.01,DETECTED
21.176470588235293 percent,14.901960784313726 percent,7.450980392156863 percent,100 kilopascal,bytearray(b'33920-67P0*'),,13.784 volt,59 degree_Celsius,0.0 kilometer,0.0 kilometer,,,,,,,,,,,,,,,,,,,,,,,,,,,,,,,,ELM327 v1.5,13.8 volt,27.84313725490196 percent,0.0 percent,"('Closed loop, using oxygen sensor feedback to determine fuel mix', '')",[],[],33 kilopascal,40 degree_Celsius,-3.125 percent,10000000000000000000000000000001,10000000000000000000000000000000,Unknown : 0.0 millisecond [PASSED],Sensor period : 0.0 millisecond [PASSED],0.07 volt,1.275 volt,"((), (False, False, False, False), (False, False, True, True))",EOBD (Europe),0001000000000000000000000000000000000000,10111110001111101011100000010011,10000000000001011010000000000001,01101010110100000000000000000000,5.098039215686274 percent,735.75 revolutions_per_minute,147.0 second,0.78125 percent,0.0 kilometer_per_hour,<obd.OBDResponse.Status object at 0x733fa0f10670>,6.666666666666667 percent,14.117647058823529 percent,14.117647058823529 percent,6.5 degree,0.0 count,2025-04-24 16:44:15,2025-04-24 16:44:19,2025-04-24 16:44:15,Signal Acquired,15.516481,73.945889,1.03,2.23,8.6,-0.08,-0.01,-0.0,DETECTED
,,,,,,,,,,,,,,,,,,,,,,,,,,,,,,,,,,,,,,,,,,,,,,,,,,,,,,,,,,,,,,,,,,,,,,,,,,,,2025-04-24 16:44:15,Signal Acquired,15.516481,73.945889,1.37,2.29,8.44,0.02,0.06,-0.0,DETECTED
,,,,,,,,,,,,,,,,,,,,,,,,,,,,,,,,,,,,,,,,,,,,,,,,,,,,,,,,,,,,,,,,,,,,,,,,,,,,2025-04-24 16:44:15,Signal Acquired,15.516479,73.945889,2.23,1.74,8.56,-0.06,-0.03,-0.0,DETECTED
20.784313725490197 percent,14.901960784313726 percent,7.450980392156863 percent,100 kilopascal,bytearray(b'33920-67P0*'),,13.765 volt,59 degree_Celsius,0.0 kilometer,0.0 kilometer,,,,,,,,,,,,,,,,,,,,,,,,,,,,,,,,ELM327 v1.5,13.7 volt,29.019607843137255 percent,0.0 percent,"('Closed loop, using oxygen sensor feedback to determine fuel mix', '')",[],[],35 kilopascal,40 degree_Celsius,-3.125 percent,10000000000000000000000000000001,10000000000000000000000000000000,Unknown : 0.0 millisecond [PASSED],Sensor period : 0.0 millisecond [PASSED],0.935 volt,1.275 volt,"((), (False, False, False, False), (False, False, True, True))",EOBD (Europe),0001000000000000000000000000000000000000,10111110001111101011100000010011,10000000000001011010000000000001,01101010110100000000000000000000,5.098039215686274 percent,806.0 revolutions_per_minute,151.0 second,0.0 percent,0.0 kilometer_per_hour,<obd.OBDResponse.Status object at 0x733fa0eff7c0>,6.2745098039215685 percent,14.117647058823529 percent,13.72549019607843 percent,11.0 degree,0.0 count,2025-04-24 16:44:20,2025-04-24 16:44:24,2025-04-24 16:44:20,Signal Acquired,15.516479,73.945889,0.22,2.45,8.77,-0.07,0.04,-0.01,DETECTED
,,,,,,,,,,,,,,,,,,,,,,,,,,,,,,,,,,,,,,,,,,,,,,,,,,,,,,,,,,,,,,,,,,,,,,,,,,,,2025-04-24 16:44:20,Signal Acquired,15.516471,73.94589,2.16,1.98,8.84,0.03,0.03,0.0,DETECTED
,,,,,,,,,,,,,,,,,,,,,,,,,,,,,,,,,,,,,,,,,,,,,,,,,,,,,,,,,,,,,,,,,,,,,,,,,,,,2025-04-24 16:44:20,Signal Acquired,15.516471,73.94589,0.78,2.49,8.59,-0.09,0.03,-0.0,DETECTED
20.392156862745097 percent,14.901960784313726 percent,7.450980392156863 percent,100 kilopascal,bytearray(b'33920-67P0*'),,13.696 volt,60 degree_Celsius,0.0 kilometer,0.0 kilometer,,,,,,,,,,,,,,,,,,,,,,,,,,,,,,,,ELM327 v1.5,13.6 volt,25.88235294117647 percent,0.0 percent,"('Closed loop, using oxygen sensor feedback to determine fuel mix', '')",[],[],34 kilopascal,40 degree_Celsius,-3.125 percent,10000000000000000000000000000001,10000000000000000000000000000000,Unknown : 0.0 millisecond [PASSED],Sensor period : 0.0 millisecond [PASSED],0.13 volt,1.275 volt,"((), (False, False, False, False), (False, False, True, True))",EOBD (Europe),0001000000000000000000000000000000000000,10111110001111101011100000010011,10000000000001011010000000000001,01101010110100000000000000000000,4.705882352941177 percent,700.5 revolutions_per_minute,156.0 second,1.5625 percent,0.0 kilometer_per_hour,<obd.OBDResponse.Status object at 0x733fa0d27310>,6.2745098039215685 percent,13.72549019607843 percent,13.72549019607843 percent,12.0 degree,0.0 count,2025-04-24 16:44:25,2025-04-24 16:44:28,2025-04-24 16:44:25,Signal Acquired,15.516465,73.945891,2.1,2.01,9.05,0.02,0.02,-0.0,DETECTED
,,,,,,,,,,,,,,,,,,,,,,,,,,,,,,,,,,,,,,,,,,,,,,,,,,,,,,,,,,,,,,,,,,,,,,,,,,,,2025-04-24 16:44:25,Signal Acquired,15.516465,73.945891,0.59,2.54,8.74,-0.09,0.01,-0.0,DETECTED
,,,,,,,,,,,,,,,,,,,,,,,,,,,,,,,,,,,,,,,,,,,,,,,,,,,,,,,,,,,,,,,,,,,,,,,,,,,,2025-04-24 16:44:25,Signal Acquired,15.516466,73.945891,2.1,1.98,8.88,0.03,0.03,0.0,DETECTED
20.392156862745097 percent,14.901960784313726 percent,7.8431372549019605 percent,100 kilopascal,bytearray(b'33920-67P0*'),,13.794 volt,60 degree_Celsius,0.0 kilometer,0.0 kilometer,,,,,,,,,,,,,,,,,,,,,,,,,,,,,,,,ELM327 v1.5,13.7 volt,27.45098039215686 percent,0.0 percent,"('Closed loop, using oxygen sensor feedback to determine fuel mix', '')",[],[],32 kilopascal,40 degree_Celsius,-3.125 percent,10000000000000000000000000000001,10000000000000000000000000000000,Unknown : 0.0 millisecond [PASSED],Sensor period : 0.0 millisecond [PASSED],0.825 volt,1.275 volt,"((), (False, False, False, False), (False, False, True, True))",EOBD (Europe),0001000000000000000000000000000000000000,10111110001111101011100000010011,10000000000001011010000000000001,01101010110100000000000000000000,5.098039215686274 percent,753.0 revolutions_per_minute,161.0 second,-3.90625 percent,0.0 kilometer_per_hour,<obd.OBDResponse.Status object at 0x733fa0d33400>,6.666666666666667 percent,14.117647058823529 percent,14.117647058823529 percent,11.5 degree,0.0 count,2025-04-24 16:44:30,2025-04-24 16:44:33,2025-04-24 16:44:30,Signal Acquired,15.516466,73.945891,1.21,2.21,8.85,-0.07,-0.01,0.0,DETECTED
,,,,,,,,,,,,,,,,,,,,,,,,,,,,,,,,,,,,,,,,,,,,,,,,,,,,,,,,,,,,,,,,,,,,,,,,,,,,2025-04-24 16:44:30,Signal Acquired,15.516467,73.945891,1.18,2.34,8.51,0.01,0.05,-0.0,DETECTED
,,,,,,,,,,,,,,,,,,,,,,,,,,,,,,,,,,,,,,,,,,,,,,,,,,,,,,,,,,,,,,,,,,,,,,,,,,,,2025-04-24 16:44:30,Signal Acquired,15.516467,73.945891,1.24,2.04,9.04,-0.07,-0.01,-0.0,DETECTED
20.784313725490197 percent,14.901960784313726 percent,7.450980392156863 percent,100 kilopascal,bytearray(b'33920-67P0*'),,0.0 volt,61 degree_Celsius,0.0 kilometer,0.0 kilometer,,,,,,,,,,,,,,,,,,,,,,,,,,,,,,,,ELM327 v1.5,13.8 volt,26.274509803921568 percent,0.0 percent,"('Closed loop, using oxygen sensor feedback to determine fuel mix', '')",[],[],38 kilopascal,40 degree_Celsius,-3.125 percent,10000000000000000000000000000001,10000000000000000000000000000000,Unknown : 0.0 millisecond [PASSED],Sensor period : 0.0 millisecond [PASSED],0.885 volt,1.275 volt,"((), (False, False, False, False), (False, False, True, True))",EOBD (Europe),0001000000000000000000000000000000000000,10111110001111101011100000010011,10000000000001011010000000000001,01101010110100000000000000000000,5.490196078431373 percent,857.0 revolutions_per_minute,166.0 second,-2.34375 percent,0.0 kilometer_per_hour,<obd.OBDResponse.Status object at 0x733fa0d279d0>,6.666666666666667 percent,14.509803921568627 percent,14.117647058823529 percent,8.5 degree,0.0 count,2025-04-24 16:44:34,2025-04-24 16:44:38,2025-04-24 16:44:34,Signal Acquired,15.516469,73.94589,1.58,2.15,8.61,0.0,0.06,-0.01,DETECTED
,,,,,,,,,,,,,,,,,,,,,,,,,,,,,,,,,,,,,,,,,,,,,,,,,,,,,,,,,,,,,,,,,,,,,,,,,,,,2025-04-24 16:44:34,Signal Acquired,15.516469,73.94589,1.07,2.27,8.56,-0.05,-0.02,0.0,DETECTED
,,,,,,,,,,,,,,,,,,,,,,,,,,,,,,,,,,,,,,,,,,,,,,,,,,,,,,,,,,,,,,,,,,,,,,,,,,,,2025-04-24 16:44:34,Signal Acquired,15.516474,73.94589,1.4,2.2,8.48,-0.01,0.08,-0.01,DETECTED
20.784313725490197 percent,14.901960784313726 percent,7.450980392156863 percent,100 kilopascal,bytearray(b'33920-67P0*'),,13.74 volt,62 degree_Celsius,0.0 kilometer,0.0 kilometer,,,,,,,,,,,,,,,,,,,,,,,,,,,,,,,,ELM327 v1.5,13.7 volt,27.45098039215686 percent,0.0 percent,"('Closed loop, using oxygen sensor feedback to determine fuel mix', '')",[],[],34 kilopascal,40 degree_Celsius,-3.125 percent,10000000000000000000000000000001,10000000000000000000000000000000,Unknown : 0.0 millisecond [PASSED],Sensor period : 0.0 millisecond [PASSED],0.89 volt,1.275 volt,"((), (False, False, False, False), (False, False, True, True))",EOBD (Europe),0001000000000000000000000000000000000000,10111110001111101011100000010011,10000000000001011010000000000001,01101010110100000000000000000000,5.490196078431373 percent,845.5 revolutions_per_minute,171.0 second,-2.34375 percent,0.0 kilometer_per_hour,<obd.OBDResponse.Status object at 0x733fa0d4e0b0>,6.666666666666667 percent,14.509803921568627 percent,14.117647058823529 percent,6.0 degree,0.0 count,2025-04-24 16:44:39,2025-04-24 16:44:43,2025-04-24 16:44:39,Signal Acquired,15.516474,73.94589,1.66,2.01,8.74,-0.02,-0.04,0.01,DETECTED
,,,,,,,,,,,,,,,,,,,,,,,,,,,,,,,,,,,,,,,,,,,,,,,,,,,,,,,,,,,,,,,,,,,,,,,,,,,,2025-04-24 16:44:39,Signal Acquired,15.516474,73.945891,1.46,2.17,8.54,-0.01,0.08,-0.01,DETECTED
,,,,,,,,,,,,,,,,,,,,,,,,,,,,,,,,,,,,,,,,,,,,,,,,,,,,,,,,,,,,,,,,,,,,,,,,,,,,2025-04-24 16:44:39,Signal Acquired,15.516474,73.945891,1.29,2.07,8.76,-0.05,-0.02,-0.0,DETECTED
20.784313725490197 percent,14.901960784313726 percent,7.450980392156863 percent,100 kilopascal,bytearray(b'33920-67P0*'),,0.0 volt,62 degree_Celsius,0.0 kilometer,0.0 kilometer,,,,,,,,,,,,,,,,,,,,,,,,,,,,,,,,ELM327 v1.5,13.8 volt,26.666666666666668 percent,0.0 percent,"('Closed loop, using oxygen sensor feedback to determine fuel mix', '')",[],[],34 kilopascal,40 degree_Celsius,-3.125 percent,10000000000000000000000000000001,10000000000000000000000000000000,Unknown : 0.0 millisecond [PASSED],Sensor period : 0.0 millisecond [PASSED],0.13 volt,1.275 volt,"((), (False, False, False, False), (False, False, True, True))",EOBD (Europe),0001000000000000000000000000000000000000,10111110001111101011100000010011,10000000000001011010000000000001,01101010110100000000000000000000,5.098039215686274 percent,749.25 revolutions_per_minute,175.0 second,0.0 percent,0.0 kilometer_per_hour,<obd.OBDResponse.Status object at 0x733fa0d67550>,6.2745098039215685 percent,14.117647058823529 percent,14.117647058823529 percent,8.0 degree,0.0 count,2025-04-24 16:44:44,2025-04-24 16:44:47,2025-04-24 16:44:44,Signal Acquired,15.516472,73.945892,1.78,2.06,8.46,-0.0,0.05,-0.01,DETECTED
,,,,,,,,,,,,,,,,,,,,,,,,,,,,,,,,,,,,,,,,,,,,,,,,,,,,,,,,,,,,,,,,,,,,,,,,,,,,2025-04-24 16:44:44,Signal Acquired,15.516472,73.945892,1.51,2.09,8.66,-0.05,-0.05,0.0,DETECTED
,,,,,,,,,,,,,,,,,,,,,,,,,,,,,,,,,,,,,,,,,,,,,,,,,,,,,,,,,,,,,,,,,,,,,,,,,,,,2025-04-24 16:44:44,Signal Acquired,15.516461,73.945894,1.29,2.16,8.55,-0.02,0.09,-0.01,DETECTED
20.392156862745097 percent,14.901960784313726 percent,7.450980392156863 percent,100 kilopascal,bytearray(b'33920-67P0*'),,13.594 volt,63 degree_Celsius,0.0 kilometer,0.0 kilometer,,,,,,,,,,,,,,,,,,,,,,,,,,,,,,,,ELM327 v1.5,13.7 volt,25.49019607843137 percent,0.0 percent,"('Closed loop, using oxygen sensor feedback to determine fuel mix', '')",[],[],33 kilopascal,40 degree_Celsius,4.6875 percent,10000000000000000000000000000001,10000000000000000000000000000000,Unknown : 0.0 millisecond [PASSED],Sensor period : 0.0 millisecond [PASSED],0.81 volt,1.275 volt,"((), (False, False, False, False), (False, False, True, True))",EOBD (Europe),0001000000000000000000000000000000000000,10111110001111101011100000010011,10000000000001011010000000000001,01101010110100000000000000000000,5.098039215686274 percent,709.5 revolutions_per_minute,180.0 second,-2.34375 percent,0.0 kilometer_per_hour,<obd.OBDResponse.Status object at 0x733fa0d4df00>,6.2745098039215685 percent,14.117647058823529 percent,13.72549019607843 percent,6.5 degree,0.0 count,2025-04-24 16:44:49,2025-04-24 16:44:52,2025-04-24 16:44:49,Signal Acquired,15.516461,73.945894,0.6,2.24,8.8,-0.08,0.04,-0.01,DETECTED
,,,,,,,,,,,,,,,,,,,,,,,,,,,,,,,,,,,,,,,,,,,,,,,,,,,,,,,,,,,,,,,,,,,,,,,,,,,,2025-04-24 16:44:49,Signal Acquired,15.516447,73.945896,2.12,1.95,8.75,0.01,-0.02,0.01,DETECTED
,,,,,,,,,,,,,,,,,,,,,,,,,,,,,,,,,,,,,,,,,,,,,,,,,,,,,,,,,,,,,,,,,,,,,,,,,,,,2025-04-24 16:44:49,Signal Acquired,15.516447,73.945896,0.7,2.38,8.32,-0.05,0.08,-0.02,DETECTED
21.176470588235293 percent,17.254901960784313 percent,8.235294117647058 percent,100 kilopascal,bytearray(b'33920-67P0*'),,13.735 volt,63 degree_Celsius,0.0 kilometer,0.0 kilometer,,,,,,,,,,,,,,,,,,,,,,,,,,,,,,,,ELM327 v1.5,13.7 volt,26.274509803921568 percent,0.0 percent,"('Closed loop, using oxygen sensor feedback to determine fuel mix', '')",[],[],32 kilopascal,40 degree_Celsius,4.6875 percent,10000000000000000000000000000001,10000000000000000000000000000000,Unknown : 0.0 millisecond [PASSED],Sensor period : 0.0 millisecond [PASSED],0.165 volt,1.275 volt,"((), (False, False, False, False), (False, False, True, True))",EOBD (Europe),0001000000000000000000000000000000000000,10111110001111101011100000010011,10000000000001011010000000000001,01101010110100000000000000000000,5.098039215686274 percent,808.0 revolutions_per_minute,185.0 second,-1.5625 percent,0.0 kilometer_per_hour,<obd.OBDResponse.Status object at 0x733fa0d9b880>,6.2745098039215685 percent,14.117647058823529 percent,13.72549019607843 percent,12.0 degree,0.0 count,2025-04-24 16:44:54,2025-04-24 16:44:57,2025-04-24 16:44:54,Signal Acquired,15.516437,73.945897,1.73,1.89,8.78,-0.05,-0.05,-0.0,DETECTED
,,,,,,,,,,,,,,,,,,,,,,,,,,,,,,,,,,,,,,,,,,,,,,,,,,,,,,,,,,,,,,,,,,,,,,,,,,,,2025-04-24 16:44:54,Signal Acquired,15.516437,73.945897,1.43,2.3,8.61,0.01,0.05,0.0,DETECTED
,,,,,,,,,,,,,,,,,,,,,,,,,,,,,,,,,,,,,,,,,,,,,,,,,,,,,,,,,,,,,,,,,,,,,,,,,,,,2025-04-24 16:44:54,Signal Acquired,15.516428,73.945897,1.21,2.28,8.97,-0.07,-0.02,0.01,DETECTED
21.56862745098039 percent,14.901960784313726 percent,7.450980392156863 percent,100 kilopascal,bytearray(b'33920-67P0*'),,13.765 volt,64 degree_Celsius,0.0 kilometer,0.0 kilometer,,,,,,,,,,,,,,,,,,,,,,,,,,,,,,,,ELM327 v1.5,13.7 volt,30.19607843137255 percent,0.0 percent,"('Closed loop, using oxygen sensor feedback to determine fuel mix', '')",[],[],34 kilopascal,40 degree_Celsius,-3.125 percent,10000000000000000000000000000001,10000000000000000000000000000000,Unknown : 0.0 millisecond [PASSED],Sensor period : 0.0 millisecond [PASSED],0.85 volt,1.275 volt,"((), (False, False, False, False), (False, False, True, True))",EOBD (Europe),0001000000000000000000000000000000000000,10111110001111101011100000010011,10000000000001011010000000000001,01101010110100000000000000000000,6.666666666666667 percent,896.0 revolutions_per_minute,190.0 second,-1.5625 percent,0.0 kilometer_per_hour,<obd.OBDResponse.Status object at 0x733fa0da6140>,16.862745098039216 percent,22.745098039215687 percent,23.137254901960784 percent,7.0 degree,0.0 count,2025-04-24 16:44:58,2025-04-24 16:45:02,2025-04-24 16:44:58,Signal Acquired,15.516428,73.945897,1.93,1.98,9.06,0.01,0.03,0.0,DETECTED
,,,,,,,,,,,,,,,,,,,,,,,,,,,,,,,,,,,,,,,,,,,,,,,,,,,,,,,,,,,,,,,,,,,,,,,,,,,,2025-04-24 16:44:58,Signal Acquired,15.516414,73.945898,0.29,2.38,8.68,-0.08,0.06,-0.02,DETECTED
,,,,,,,,,,,,,,,,,,,,,,,,,,,,,,,,,,,,,,,,,,,,,,,,,,,,,,,,,,,,,,,,,,,,,,,,,,,,2025-04-24 16:44:58,Signal Acquired,15.516414,73.945898,2.12,1.91,8.52,0.0,-0.03,0.0,DETECTED
23.52941176470588 percent,14.901960784313726 percent,7.450980392156863 percent,100 kilopascal,bytearray(b'33920-67P0*'),,13.804 volt,64 degree_Celsius,0.0 kilometer,0.0 kilometer,,,,,,,,,,,,,,,,,,,,,,,,,,,,,,,,ELM327 v1.5,13.8 volt,23.92156862745098 percent,0.0 percent,"('Open loop due to engine load OR fuel cut due to deceleration', '')",[],[],35 kilopascal,40 degree_Celsius,3.90625 percent,10000000000000000000000000000001,10000000000000000000000000000000,Unknown : 0.0 millisecond [PASSED],Sensor period : 0.0 millisecond [PASSED],0.91 volt,1.275 volt,"((), (False, False, False, False), (False, False, True, True))",EOBD (Europe),0001000000000000000000000000000000000000,10111110001111101011100000010011,10000000000001011010000000000001,01101010110100000000000000000000,9.411764705882353 percent,2304.75 revolutions_per_minute,195.0 second,0.0 percent,0.0 kilometer_per_hour,<obd.OBDResponse.Status object at 0x733fa0db8220>,12.156862745098039 percent,18.823529411764707 percent,18.431372549019606 percent,41.0 degree,0.0 count,2025-04-24 16:45:03,2025-04-24 16:45:07,2025-04-24 16:45:03,Signal Acquired,15.516408,73.945898,1.42,2.3,8.69,-0.01,0.05,-0.0,DETECTED
,,,,,,,,,,,,,,,,,,,,,,,,,,,,,,,,,,,,,,,,,,,,,,,,,,,,,,,,,,,,,,,,,,,,,,,,,,,,2025-04-24 16:45:03,Signal Acquired,15.516408,73.945898,0.77,2.36,8.46,-0.09,0.05,-0.01,DETECTED
,,,,,,,,,,,,,,,,,,,,,,,,,,,,,,,,,,,,,,,,,,,,,,,,,,,,,,,,,,,,,,,,,,,,,,,,,,,,2025-04-24 16:45:03,Signal Acquired,15.516407,73.945898,2.19,1.85,8.66,-0.01,-0.03,0.0,DETECTED
17.254901960784313 percent,24.705882352941178 percent,12.549019607843137 percent,100 kilopascal,bytearray(b'33920-67P0*'),,13.833 volt,65 degree_Celsius,0.0 kilometer,0.0 kilometer,,,,,,,,,,,,,,,,,,,,,,,,,,,,,,,,ELM327 v1.5,13.7 volt,20.392156862745097 percent,0.0 percent,"('Open loop due to engine load OR fuel cut due to deceleration', '')",[],[],26 kilopascal,40 degree_Celsius,0.0 percent,10000000000000000000000000000001,10000000000000000000000000000000,Unknown : 0.0 millisecond [PASSED],Sensor period : 0.0 millisecond [PASSED],0.0 volt,1.275 volt,"((), (False, False, False, False), (False, False, True, True))",EOBD (Europe),0001000000000000000000000000000000000000,10111110001111101011100000010011,10000000000001011010000000000001,01101010110100000000000000000000,6.666666666666667 percent,1242.5 revolutions_per_minute,200.0 second,0.0 percent,0.0 kilometer_per_hour,<obd.OBDResponse.Status object at 0x733fa0db9840>,7.450980392156863 percent,14.901960784313726 percent,14.509803921568627 percent,8.0 degree,0.0 count,2025-04-24 16:45:08,2025-04-24 16:45:12,2025-04-24 16:45:08,Signal Acquired,15.516407,73.945898,0.59,2.37,8.7,-0.02,0.08,-0.01,DETECTED
,,,,,,,,,,,,,,,,,,,,,,,,,,,,,,,,,,,,,,,,,,,,,,,,,,,,,,,,,,,,,,,,,,,,,,,,,,,,2025-04-24 16:45:08,Signal Acquired,15.516402,73.945898,2.32,1.83,8.6,-0.04,-0.06,0.0,DETECTED
,,,,,,,,,,,,,,,,,,,,,,,,,,,,,,,,,,,,,,,,,,,,,,,,,,,,,,,,,,,,,,,,,,,,,,,,,,,,2025-04-24 16:45:08,Signal Acquired,15.516402,73.945898,1.21,2.34,8.64,-0.03,0.06,-0.0,DETECTED
20.392156862745097 percent,14.901960784313726 percent,7.450980392156863 percent,100 kilopascal,bytearray(b'33920-67P0*'),,0.0 volt,66 degree_Celsius,0.0 kilometer,0.0 kilometer,,,,,,,,,,,,,,,,,,,,,,,,,,,,,,,,ELM327 v1.5,13.8 volt,24.705882352941178 percent,0.0 percent,"('Closed loop, using oxygen sensor feedback to determine fuel mix', '')",[],[],31 kilopascal,40 degree_Celsius,-3.125 percent,10000000000000000000000000000001,10000000000000000000000000000000,Unknown : 0.0 millisecond [PASSED],Sensor period : 0.0 millisecond [PASSED],0.815 volt,1.275 volt,"((), (False, False, False, False), (False, False, True, True))",EOBD (Europe),0001000000000000000000000000000000000000,10111110001111101011100000010011,10000000000001011010000000000001,01101010110100000000000000000000,4.705882352941177 percent,709.5 revolutions_per_minute,204.0 second,-3.125 percent,0.0 kilometer_per_hour,<obd.OBDResponse.Status object at 0x733fa0ddb310>,5.882352941176471 percent,13.72549019607843 percent,13.72549019607843 percent,12.5 degree,0.0 count,2025-04-24 16:45:13,2025-04-24 16:45:17,2025-04-24 16:45:13,Signal Acquired,15.516403,73.945898,1.92,2.08,8.76,0.01,0.04,0.0,DETECTED
,,,,,,,,,,,,,,,,,,,,,,,,,,,,,,,,,,,,,,,,,,,,,,,,,,,,,,,,,,,,,,,,,,,,,,,,,,,,2025-04-24 16:45:13,Signal Acquired,15.516403,73.945898,1.58,2.08,8.83,-0.06,-0.05,0.0,DETECTED
,,,,,,,,,,,,,,,,,,,,,,,,,,,,,,,,,,,,,,,,,,,,,,,,,,,,,,,,,,,,,,,,,,,,,,,,,,,,2025-04-24 16:45:13,Signal Acquired,15.516401,73.945898,0.74,2.42,8.63,-0.02,0.09,-0.01,DETECTED
19.607843137254903 percent,14.901960784313726 percent,7.450980392156863 percent,100 kilopascal,bytearray(b'33920-67P0*'),,13.77 volt,67 degree_Celsius,0.0 kilometer,0.0 kilometer,,,,,,,,,,,,,,,,,,,,,,,,,,,,,,,,ELM327 v1.5,13.7 volt,31.372549019607842 percent,0.0 percent,"('Closed loop, using oxygen sensor feedback to determine fuel mix', '')",[],[],34 kilopascal,40 degree_Celsius,-3.125 percent,10000000000000000000000000000001,10000000000000000000000000000000,Unknown : 0.0 millisecond [PASSED],Sensor period : 0.0 millisecond [PASSED],0.925 volt,1.275 volt,"((), (False, False, False, False), (False, False, True, True))",EOBD (Europe),0001000000000000000000000000000000000000,10111110001111101011100000010011,10000000000001011010000000000001,01101010110100000000000000000000,4.705882352941177 percent,728.5 revolutions_per_minute,209.0 second,-3.90625 percent,0.0 kilometer_per_hour,<obd.OBDResponse.Status object at 0x733fa0dba350>,7.450980392156863 percent,14.901960784313726 percent,14.509803921568627 percent,1.5 degree,0.0 count,2025-04-24 16:45:18,2025-04-24 16:45:21,2025-04-24 16:45:18,Signal Acquired,15.516401,73.945898,2.16,1.97,8.54,-0.01,-0.04,0.0,DETECTED
,,,,,,,,,,,,,,,,,,,,,,,,,,,,,,,,,,,,,,,,,,,,,,,,,,,,,,,,,,,,,,,,,,,,,,,,,,,,2025-04-24 16:45:18,Signal Acquired,15.516402,73.945898,0.65,2.38,8.61,-0.03,0.09,-0.01,DETECTED
,,,,,,,,,,,,,,,,,,,,,,,,,,,,,,,,,,,,,,,,,,,,,,,,,,,,,,,,,,,,,,,,,,,,,,,,,,,,2025-04-24 16:45:18,Signal Acquired,15.516402,73.945898,2.22,1.83,8.83,-0.02,-0.03,0.01,DETECTED
20.784313725490197 percent,14.901960784313726 percent,7.450980392156863 percent,100 kilopascal,bytearray(b'33920-67P0*'),,0.0 volt,67 degree_Celsius,0.0 kilometer,0.0 kilometer,,,,,,,,,,,,,,,,,,,,,,,,,,,,,,,,ELM327 v1.5,13.7 volt,25.49019607843137 percent,0.0 percent,"('Closed loop, using oxygen sensor feedback to determine fuel mix', '')",[],[],31 kilopascal,40 degree_Celsius,-3.125 percent,10000000000000000000000000000001,10000000000000000000000000000000,Unknown : 0.0 millisecond [PASSED],Sensor period : 0.0 millisecond [PASSED],0.86 volt,1.275 volt,"((), (False, False, False, False), (False, False, True, True))",EOBD (Europe),0001000000000000000000000000000000000000,10111110001111101011100000010011,10000000000001011010000000000001,01101010110100000000000000000000,5.882352941176471 percent,779.0 revolutions_per_minute,214.0 second,-3.90625 percent,0.0 kilometer_per_hour,<obd.OBDResponse.Status object at 0x733fa0e01270>,6.2745098039215685 percent,14.117647058823529 percent,14.117647058823529 percent,4.0 degree,0.0 count,2025-04-24 16:45:23,2025-04-24 16:45:26,2025-04-24 16:45:23,Signal Acquired,15.516407,73.945897,0.33,2.46,8.57,-0.05,0.08,-0.02,DETECTED
,,,,,,,,,,,,,,,,,,,,,,,,,,,,,,,,,,,,,,,,,,,,,,,,,,,,,,,,,,,,,,,,,,,,,,,,,,,,2025-04-24 16:45:23,Signal Acquired,15.516407,73.945897,2.32,1.81,8.51,-0.03,-0.03,0.01,DETECTED
,,,,,,,,,,,,,,,,,,,,,,,,,,,,,,,,,,,,,,,,,,,,,,,,,,,,,,,,,,,,,,,,,,,,,,,,,,,,2025-04-24 16:45:23,Signal Acquired,15.516407,73.945897,0.63,2.41,8.71,-0.05,0.07,-0.01,DETECTED
20.392156862745097 percent,14.901960784313726 percent,7.450980392156863 percent,100 kilopascal,bytearray(b'33920-67P0*'),,13.75 volt,67 degree_Celsius,0.0 kilometer,0.0 kilometer,,,,,,,,,,,,,,,,,,,,,,,,,,,,,,,,ELM327 v1.5,13.6 volt,25.88235294117647 percent,0.0 percent,"('Closed loop, using oxygen sensor feedback to determine fuel mix', '')",[],[],33 kilopascal,40 degree_Celsius,-3.125 percent,10000000000000000000000000000001,10000000000000000000000000000000,Unknown : 0.0 millisecond [PASSED],Sensor period : 0.0 millisecond [PASSED],0.105 volt,1.275 volt,"((), (False, False, False, False), (False, False, True, True))",EOBD (Europe),0001000000000000000000000000000000000000,10111110001111101011100000010011,10000000000001011010000000000001,01101010110100000000000000000000,4.705882352941177 percent,718.25 revolutions_per_minute,219.0 second,2.34375 percent,0.0 kilometer_per_hour,<obd.OBDResponse.Status object at 0x733fa0e03b50>,6.2745098039215685 percent,14.117647058823529 percent,14.117647058823529 percent,8.5 degree,0.0 count,2025-04-24 16:45:28,2025-04-24 16:45:31,2025-04-24 16:45:28,Signal Acquired,15.516407,73.945897,1.51,2.09,8.99,-0.05,-0.05,0.0,DETECTED
,,,,,,,,,,,,,,,,,,,,,,,,,,,,,,,,,,,,,,,,,,,,,,,,,,,,,,,,,,,,,,,,,,,,,,,,,,,,2025-04-24 16:45:28,Signal Acquired,15.516406,73.945897,1.9,2.12,8.72,0.0,0.02,0.0,DETECTED
,,,,,,,,,,,,,,,,,,,,,,,,,,,,,,,,,,,,,,,,,,,,,,,,,,,,,,,,,,,,,,,,,,,,,,,,,,,,2025-04-24 16:45:28,Signal Acquired,15.516406,73.945897,0.68,2.34,8.44,-0.09,0.06,-0.01,DETECTED
23.137254901960784 percent,14.901960784313726 percent,7.450980392156863 percent,100 kilopascal,bytearray(b'33920-67P0*'),,13.794 volt,68 degree_Celsius,0.0 kilometer,0.0 kilometer,,,,,,,,,,,,,,,,,,,,,,,,,,,,,,,,ELM327 v1.5,13.7 volt,25.098039215686274 percent,0.0 percent,"('Closed loop, using oxygen sensor feedback to determine fuel mix', '')",[],[],32 kilopascal,40 degree_Celsius,-3.125 percent,10000000000000000000000000000001,10000000000000000000000000000000,Unknown : 0.0 millisecond [PASSED],Sensor period : 0.0 millisecond [PASSED],0.115 volt,1.275 volt,"((), (False, False, False, False), (False, False, True, True))",EOBD (Europe),0001000000000000000000000000000000000000,10111110001111101011100000010011,10000000000001011010000000000001,01101010110100000000000000000000,4.705882352941177 percent,728.5 revolutions_per_minute,224.0 second,-2.34375 percent,0.0 kilometer_per_hour,<obd.OBDResponse.Status object at 0x733fa0c1f7c0>,6.2745098039215685 percent,13.72549019607843 percent,13.72549019607843 percent,11.5 degree,0.0 count,2025-04-24 16:45:33,2025-04-24 16:45:36,2025-04-24 16:45:33,Signal Acquired,15.516404,73.945897,1.17,2.16,8.8,-0.06,-0.0,-0.0,DETECTED
,,,,,,,,,,,,,,,,,,,,,,,,,,,,,,,,,,,,,,,,,,,,,,,,,,,,,,,,,,,,,,,,,,,,,,,,,,,,2025-04-24 16:45:33,Signal Acquired,15.516404,73.945897,1.97,2.0,8.92,0.0,0.01,0.0,DETECTED
,,,,,,,,,,,,,,,,,,,,,,,,,,,,,,,,,,,,,,,,,,,,,,,,,,,,,,,,,,,,,,,,,,,,,,,,,,,,2025-04-24 16:45:33,Signal Acquired,15.516402,73.945897,1.33,2.22,8.72,-0.01,0.04,-0.0,DETECTED
21.56862745098039 percent,14.901960784313726 percent,7.450980392156863 percent,100 kilopascal,bytearray(b'33920-67P0*'),,13.73 volt,68 degree_Celsius,0.0 kilometer,0.0 kilometer,,,,,,,,,,,,,,,,,,,,,,,,,,,,,,,,ELM327 v1.5,13.8 volt,26.666666666666668 percent,0.0 percent,"('Closed loop, using oxygen sensor feedback to determine fuel mix', '')",[],[],34 kilopascal,41 degree_Celsius,-3.125 percent,10000000000000000000000000000001,10000000000000000000000000000000,Unknown : 0.0 millisecond [PASSED],Sensor period : 0.0 millisecond [PASSED],0.895 volt,1.275 volt,"((), (False, False, False, False), (False, False, True, True))",EOBD (Europe),0001000000000000000000000000000000000000,10111110001111101011100000010011,10000000000001011010000000000001,01101010110100000000000000000000,5.490196078431373 percent,859.75 revolutions_per_minute,229.0 second,-3.125 percent,0.0 kilometer_per_hour,<obd.OBDResponse.Status object at 0x733fa0c1c760>,8.627450980392156 percent,16.07843137254902 percent,15.686274509803921 percent,-1.5 degree,0.0 count,2025-04-24 16:45:38,2025-04-24 16:45:41,2025-04-24 16:45:38,Signal Acquired,15.516402,73.945897,0.66,2.39,8.67,-0.06,0.06,-0.01,DETECTED
,,,,,,,,,,,,,,,,,,,,,,,,,,,,,,,,,,,,,,,,,,,,,,,,,,,,,,,,,,,,,,,,,,,,,,,,,,,,2025-04-24 16:45:38,Signal Acquired,15.5164,73.945897,2.22,1.96,8.77,0.0,0.01,0.0,DETECTED
,,,,,,,,,,,,,,,,,,,,,,,,,,,,,,,,,,,,,,,,,,,,,,,,,,,,,,,,,,,,,,,,,,,,,,,,,,,,2025-04-24 16:45:38,Signal Acquired,15.5164,73.945897,1.57,2.12,8.88,-0.04,-0.04,0.0,DETECTED
20.392156862745097 percent,14.901960784313726 percent,7.450980392156863 percent,100 kilopascal,bytearray(b'33920-67P0*'),,13.677 volt,69 degree_Celsius,0.0 kilometer,0.0 kilometer,,,,,,,,,,,,,,,,,,,,,,,,,,,,,,,,ELM327 v1.5,13.6 volt,25.88235294117647 percent,0.0 percent,"('Closed loop, using oxygen sensor feedback to determine fuel mix', '')",[],[],32 kilopascal,41 degree_Celsius,-3.125 percent,10000000000000000000000000000001,10000000000000000000000000000000,Unknown : 0.0 millisecond [PASSED],Sensor period : 0.0 millisecond [PASSED],0.89 volt,1.275 volt,"((), (False, False, False, False), (False, False, True, True))",EOBD (Europe),0001000000000000000000000000000000000000,10111110001111101011100000010011,10000000000001011010000000000001,01101010110100000000000000000000,5.490196078431373 percent,944.0 revolutions_per_minute,234.0 second,1.5625 percent,0.0 kilometer_per_hour,<obd.OBDResponse.Status object at 0x733fa0db5720>,8.235294117647058 percent,15.686274509803921 percent,15.294117647058824 percent,25.5 degree,0.0 count,2025-04-24 16:45:43,2025-04-24 16:45:46,2025-04-24 16:45:43,Signal Acquired,15.516396,73.945897,0.39,2.43,8.66,-0.05,0.07,-0.01,DETECTED
,,,,,,,,,,,,,,,,,,,,,,,,,,,,,,,,,,,,,,,,,,,,,,,,,,,,,,,,,,,,,,,,,,,,,,,,,,,,2025-04-24 16:45:43,Signal Acquired,15.516396,73.945897,1.91,1.92,8.69,-0.06,-0.06,-0.0,DETECTED
,,,,,,,,,,,,,,,,,,,,,,,,,,,,,,,,,,,,,,,,,,,,,,,,,,,,,,,,,,,,,,,,,,,,,,,,,,,,2025-04-24 16:45:43,Signal Acquired,15.516391,73.945897,0.63,2.46,8.75,-0.03,0.09,-0.01,DETECTED
19.607843137254903 percent,18.431372549019606 percent,9.019607843137255 percent,100 kilopascal,bytearray(b'33920-67P0*'),,0.0 volt,69 degree_Celsius,0.0 kilometer,0.0 kilometer,,,,,,,,,,,,,,,,,,,,,,,,,,,,,,,,ELM327 v1.5,13.6 volt,25.098039215686274 percent,0.0 percent,"('Closed loop, using oxygen sensor feedback to determine fuel mix', '')",[],[],33 kilopascal,41 degree_Celsius,4.6875 percent,10000000000000000000000000000001,10000000000000000000000000000000,Unknown : 0.0 millisecond [PASSED],Sensor period : 0.0 millisecond [PASSED],0.195 volt,1.275 volt,"((), (False, False, False, False), (False, False, True, True))",EOBD (Europe),0001000000000000000000000000000000000000,10111110001111101011100000010011,10000000000001011010000000000001,01101010110100000000000000000000,6.2745098039215685 percent,1296.5 revolutions_per_minute,239.0 second,-2.34375 percent,0.0 kilometer_per_hour,<obd.OBDResponse.Status object at 0x733fa0db5e40>,8.235294117647058 percent,15.686274509803921 percent,15.294117647058824 percent,9.5 degree,0.0 count,2025-04-24 16:45:48,2025-04-24 16:45:51,2025-04-24 16:45:47,Signal Acquired,15.516391,73.945897,2.03,1.97,8.69,-0.03,-0.06,0.0,DETECTED
,,,,,,,,,,,,,,,,,,,,,,,,,,,,,,,,,,,,,,,,,,,,,,,,,,,,,,,,,,,,,,,,,,,,,,,,,,,,2025-04-24 16:45:47,Signal Acquired,15.516388,73.945897,0.9,2.39,8.69,-0.02,0.09,-0.01,DETECTED
,,,,,,,,,,,,,,,,,,,,,,,,,,,,,,,,,,,,,,,,,,,,,,,,,,,,,,,,,,,,,,,,,,,,,,,,,,,,2025-04-24 16:45:47,Signal Acquired,15.516388,73.945897,1.18,2.06,9.2,-0.06,-0.03,-0.01,DETECTED
19.607843137254903 percent,14.901960784313726 percent,7.450980392156863 percent,100 kilopascal,bytearray(b'33920-67P0*'),,0.0 volt,70 degree_Celsius,0.0 kilometer,0.0 kilometer,,,,,,,,,,,,,,,,,,,,,,,,,,,,,,,,ELM327 v1.5,13.8 volt,26.274509803921568 percent,0.0 percent,"('Closed loop, using oxygen sensor feedback to determine fuel mix', '')",[],[],32 kilopascal,41 degree_Celsius,-3.125 percent,10000000000000000000000000000001,10000000000000000000000000000000,Unknown : 0.0 millisecond [PASSED],Sensor period : 0.0 millisecond [PASSED],0.86 volt,1.275 volt,"((), (False, False, False, False), (False, False, True, True))",EOBD (Europe),0001000000000000000000000000000000000000,10111110001111101011100000010011,10000000000001011010000000000001,01101010110100000000000000000000,5.490196078431373 percent,819.25 revolutions_per_minute,244.0 second,-2.34375 percent,0.0 kilometer_per_hour,<obd.OBDResponse.Status object at 0x733fa0c63700>,6.2745098039215685 percent,14.117647058823529 percent,13.72549019607843 percent,8.0 degree,0.0 count,2025-04-24 16:45:52,2025-04-24 16:45:56,2025-04-24 16:45:52,Signal Acquired,15.516386,73.945897,1.84,2.14,8.88,0.0,0.03,0.0,DETECTED
,,,,,,,,,,,,,,,,,,,,,,,,,,,,,,,,,,,,,,,,,,,,,,,,,,,,,,,,,,,,,,,,,,,,,,,,,,,,2025-04-24 16:45:52,Signal Acquired,15.516386,73.945897,0.55,2.42,8.39,-0.07,0.06,-0.01,DETECTED
,,,,,,,,,,,,,,,,,,,,,,,,,,,,,,,,,,,,,,,,,,,,,,,,,,,,,,,,,,,,,,,,,,,,,,,,,,,,2025-04-24 16:45:52,Signal Acquired,15.516382,73.945897,2.15,1.87,8.51,-0.02,-0.05,0.0,DETECTED
20.392156862745097 percent,14.901960784313726 percent,7.450980392156863 percent,100 kilopascal,bytearray(b'33920-67P0*'),,13.823 volt,70 degree_Celsius,0.0 kilometer,0.0 kilometer,,,,,,,,,,,,,,,,,,,,,,,,,,,,,,,,ELM327 v1.5,13.7 volt,25.88235294117647 percent,0.0 percent,"('Closed loop, using oxygen sensor feedback to determine fuel mix', '')",[],[],33 kilopascal,41 degree_Celsius,-3.125 percent,10000000000000000000000000000001,10000000000000000000000000000000,Unknown : 0.0 millisecond [PASSED],Sensor period : 0.0 millisecond [PASSED],0.08 volt,1.275 volt,"((), (False, False, False, False), (False, False, True, True))",EOBD (Europe),0001000000000000000000000000000000000000,10111110001111101011100000010011,10000000000001011010000000000001,01101010110100000000000000000000,4.705882352941177 percent,728.5 revolutions_per_minute,249.0 second,0.78125 percent,0.0 kilometer_per_hour,<obd.OBDResponse.Status object at 0x733fa0c63fd0>,6.2745098039215685 percent,13.72549019607843 percent,13.72549019607843 percent,7.5 degree,0.0 count,2025-04-24 16:45:57,2025-04-24 16:46:01,2025-04-24 16:45:57,Signal Acquired,15.516382,73.945897,1.65,2.24,8.98,-0.0,0.03,-0.0,DETECTED
,,,,,,,,,,,,,,,,,,,,,,,,,,,,,,,,,,,,,,,,,,,,,,,,,,,,,,,,,,,,,,,,,,,,,,,,,,,,2025-04-24 16:45:57,Signal Acquired,15.516378,73.945897,0.82,2.29,8.58,-0.05,0.08,-0.01,DETECTED
,,,,,,,,,,,,,,,,,,,,,,,,,,,,,,,,,,,,,,,,,,,,,,,,,,,,,,,,,,,,,,,,,,,,,,,,,,,,2025-04-24 16:45:57,Signal Acquired,15.516378,73.945897,0.73,2.2,8.69,-0.08,0.05,-0.01,DETECTED
19.607843137254903 percent,14.901960784313726 percent,7.450980392156863 percent,100 kilopascal,bytearray(b'33920-67P0*'),,13.726 volt,71 degree_Celsius,0.0 kilometer,0.0 kilometer,,,,,,,,,,,,,,,,,,,,,,,,,,,,,,,,ELM327 v1.5,13.6 volt,25.098039215686274 percent,0.0 percent,"('Closed loop, using oxygen sensor feedback to determine fuel mix', '')",[],[],34 kilopascal,41 degree_Celsius,-3.125 percent,10000000000000000000000000000001,10000000000000000000000000000000,Unknown : 0.0 millisecond [PASSED],Sensor period : 0.0 millisecond [PASSED],0.5 volt,1.275 volt,"((), (False, False, False, False), (False, False, True, True))",EOBD (Europe),0001000000000000000000000000000000000000,10111110001111101011100000010011,10000000000001011010000000000001,01101010110100000000000000000000,4.705882352941177 percent,694.5 revolutions_per_minute,254.0 second,0.0 percent,0.0 kilometer_per_hour,<obd.OBDResponse.Status object at 0x733fa0c85a50>,6.2745098039215685 percent,13.72549019607843 percent,13.72549019607843 percent,8.0 degree,0.0 count,2025-04-24 16:46:02,2025-04-24 16:46:06,2025-04-24 16:46:02,Signal Acquired,15.516374,73.945897,1.6,2.05,8.82,-0.04,-0.04,0.01,DETECTED
,,,,,,,,,,,,,,,,,,,,,,,,,,,,,,,,,,,,,,,,,,,,,,,,,,,,,,,,,,,,,,,,,,,,,,,,,,,,2025-04-24 16:46:02,Signal Acquired,15.516374,73.945897,1.81,2.0,8.73,0.01,-0.03,0.01,DETECTED
,,,,,,,,,,,,,,,,,,,,,,,,,,,,,,,,,,,,,,,,,,,,,,,,,,,,,,,,,,,,,,,,,,,,,,,,,,,,2025-04-24 16:46:02,Signal Acquired,15.516372,73.945897,1.81,2.13,8.83,0.03,-0.03,0.0,DETECTED
19.607843137254903 percent,14.901960784313726 percent,7.450980392156863 percent,100 kilopascal,bytearray(b'33920-67P0*'),,,71 degree_Celsius,0.0 kilometer,0.0 kilometer,,,,,,,,,,,,,,,,,,,,,,,,,,,,,,,,ELM327 v1.5,13.6 volt,25.098039215686274 percent,0.0 percent,"('Closed loop, using oxygen sensor feedback to determine fuel mix', '')",[],[],32 kilopascal,41 degree_Celsius,-3.125 percent,10000000000000000000000000000001,10000000000000000000000000000000,Unknown : 0.0 millisecond [PASSED],Sensor period : 0.0 millisecond [PASSED],0.09 volt,1.275 volt,"((), (False, False, False, False), (False, False, True, True))",EOBD (Europe),0001000000000000000000000000000000000000,10111110001111101011100000010011,10000000000001011010000000000001,01101010110100000000000000000000,5.098039215686274 percent,725.0 revolutions_per_minute,259.0 second,0.0 percent,0.0 kilometer_per_hour,<obd.OBDResponse.Status object at 0x733fa0c861a0>,6.2745098039215685 percent,14.117647058823529 percent,13.72549019607843 percent,9.0 degree,1.0 count,2025-04-24 16:46:07,2025-04-24 16:46:11,2025-04-24 16:46:07,Signal Acquired,15.516372,73.945897,1.73,2.26,8.72,0.01,0.0,0.01,DETECTED
,,,,,,,,,,,,,,,,,,,,,,,,,,,,,,,,,,,,,,,,,,,,,,,,,,,,,,,,,,,,,,,,,,,,,,,,,,,,2025-04-24 16:46:07,Signal Acquired,15.516372,73.945897,1.77,2.37,8.63,0.02,0.01,0.01,DETECTED
,,,,,,,,,,,,,,,,,,,,,,,,,,,,,,,,,,,,,,,,,,,,,,,,,,,,,,,,,,,,,,,,,,,,,,,,,,,,2025-04-24 16:46:07,Signal Acquired,15.516372,73.945897,1.54,2.26,8.66,-0.01,0.05,-0.0,DETECTED
19.607843137254903 percent,14.901960784313726 percent,7.450980392156863 percent,100 kilopascal,bytearray(b'33920-67P0*'),,13.794 volt,71 degree_Celsius,0.0 kilometer,0.0 kilometer,,,,,,,,,,,,,,,,,,,,,,,,,,,,,,,,ELM327 v1.5,13.7 volt,25.098039215686274 percent,0.0 percent,"('Closed loop, using oxygen sensor feedback to determine fuel mix', '')",[],[],33 kilopascal,41 degree_Celsius,-3.125 percent,10000000000000000000000000000001,10000000000000000000000000000000,Unknown : 0.0 millisecond [PASSED],Sensor period : 0.0 millisecond [PASSED],0.795 volt,1.275 volt,"((), (False, False, False, False), (False, False, True, True))",EOBD (Europe),0001000000000000000000000000000000000000,10111110001111101011100000010011,10000000000001011010000000000001,01101010110100000000000000000000,4.705882352941177 percent,702.75 revolutions_per_minute,264.0 second,-0.78125 percent,0.0 kilometer_per_hour,<obd.OBDResponse.Status object at 0x733fa0c9b910>,5.882352941176471 percent,13.72549019607843 percent,13.72549019607843 percent,11.5 degree,0.0 count,2025-04-24 16:46:12,2025-04-24 16:46:16,2025-04-24 16:46:12,Signal Acquired,15.516372,73.945897,0.66,2.34,8.64,-0.07,0.07,-0.02,DETECTED
,,,,,,,,,,,,,,,,,,,,,,,,,,,,,,,,,,,,,,,,,,,,,,,,,,,,,,,,,,,,,,,,,,,,,,,,,,,,2025-04-24 16:46:12,Signal Acquired,15.516372,73.945897,0.83,2.28,8.67,-0.09,0.07,-0.01,DETECTED
,,,,,,,,,,,,,,,,,,,,,,,,,,,,,,,,,,,,,,,,,,,,,,,,,,,,,,,,,,,,,,,,,,,,,,,,,,,,2025-04-24 16:46:12,Signal Acquired,15.516368,73.945897,1.1,2.14,8.77,-0.07,0.03,-0.0,DETECTED
19.607843137254903 percent,14.901960784313726 percent,7.450980392156863 percent,100 kilopascal,bytearray(b'33920-67P0*'),,0.0 volt,72 degree_Celsius,0.0 kilometer,0.0 kilometer,,,,,,,,,,,,,,,,,,,,,,,,,,,,,,,,ELM327 v1.5,13.8 volt,25.098039215686274 percent,0.0 percent,"('Closed loop, using oxygen sensor feedback to determine fuel mix', '')",[],[],32 kilopascal,41 degree_Celsius,-3.125 percent,10000000000000000000000000000001,10000000000000000000000000000000,Unknown : 0.0 millisecond [PASSED],Sensor period : 0.0 millisecond [PASSED],0.105 volt,1.275 volt,"((), (False, False, False, False), (False, False, True, True))",EOBD (Europe),0001000000000000000000000000000000000000,10111110001111101011100000010011,10000000000001011010000000000001,01101010110100000000000000000000,4.705882352941177 percent,698.25 revolutions_per_minute,269.0 second,1.5625 percent,0.0 kilometer_per_hour,<obd.OBDResponse.Status object at 0x733fa0cb9f30>,6.2745098039215685 percent,13.72549019607843 percent,13.72549019607843 percent,10.0 degree,0.0 count,2025-04-24 16:46:17,2025-04-24 16:46:21,2025-04-24 16:46:17,Signal Acquired,15.516368,73.945897,0.73,2.36,8.79,-0.02,0.04,-0.0,DETECTED
,,,,,,,,,,,,,,,,,,,,,,,,,,,,,,,,,,,,,,,,,,,,,,,,,,,,,,,,,,,,,,,,,,,,,,,,,,,,2025-04-24 16:46:17,Signal Acquired,15.516365,73.945897,2.03,1.95,9.2,-0.02,0.01,-0.0,DETECTED
,,,,,,,,,,,,,,,,,,,,,,,,,,,,,,,,,,,,,,,,,,,,,,,,,,,,,,,,,,,,,,,,,,,,,,,,,,,,2025-04-24 16:46:17,Signal Acquired,15.516365,73.945897,0.97,2.33,8.62,-0.05,0.03,-0.01,DETECTED
19.607843137254903 percent,14.901960784313726 percent,7.450980392156863 percent,100 kilopascal,bytearray(b'33920-67P0*'),,0.0 volt,72 degree_Celsius,0.0 kilometer,0.0 kilometer,,,,,,,,,,,,,,,,,,,,,,,,,,,,,,,,ELM327 v1.5,13.7 volt,24.705882352941178 percent,0.0 percent,"('Closed loop, using oxygen sensor feedback to determine fuel mix', '')",[],[],33 kilopascal,41 degree_Celsius,-3.125 percent,10000000000000000000000000000001,10000000000000000000000000000000,Unknown : 0.0 millisecond [PASSED],Sensor period : 0.0 millisecond [PASSED],0.74 volt,1.275 volt,"((), (False, False, False, False), (False, False, True, True))",EOBD (Europe),0001000000000000000000000000000000000000,10111110001111101011100000010011,10000000000001011010000000000001,01101010110100000000000000000000,4.705882352941177 percent,687.75 revolutions_per_minute,273.0 second,-0.78125 percent,0.0 kilometer_per_hour,<obd.OBDResponse.Status object at 0x733fa0cc9d80>,6.2745098039215685 percent,13.72549019607843 percent,13.72549019607843 percent,9.5 degree,0.0 count,2025-04-24 16:46:22,2025-04-24 16:46:26,2025-04-24 16:46:22,Signal Acquired,15.516362,73.945898,1.39,2.13,8.94,-0.05,-0.01,-0.01,DETECTED
,,,,,,,,,,,,,,,,,,,,,,,,,,,,,,,,,,,,,,,,,,,,,,,,,,,,,,,,,,,,,,,,,,,,,,,,,,,,2025-04-24 16:46:22,Signal Acquired,15.516362,73.945898,1.13,2.17,8.44,-0.04,0.07,0.0,DETECTED
,,,,,,,,,,,,,,,,,,,,,,,,,,,,,,,,,,,,,,,,,,,,,,,,,,,,,,,,,,,,,,,,,,,,,,,,,,,,2025-04-24 16:46:22,Signal Acquired,15.516358,73.945898,0.65,2.37,8.5,-0.05,0.04,-0.01,DETECTED
19.215686274509803 percent,14.901960784313726 percent,7.450980392156863 percent,100 kilopascal,bytearray(b'33920-67P0*'),,13.818 volt,72 degree_Celsius,0.0 kilometer,0.0 kilometer,,,,,,,,,,,,,,,,,,,,,,,,,,,,,,,,ELM327 v1.5,13.6 volt,28.627450980392158 percent,3.5294117647058822 percent,"('Closed loop, using oxygen sensor feedback to determine fuel mix', '')",[],[],34 kilopascal,41 degree_Celsius,-3.125 percent,10000000000000000000000000000001,10000000000000000000000000000000,Unknown : 0.0 millisecond [PASSED],Sensor period : 0.0 millisecond [PASSED],0.93 volt,1.275 volt,"((), (False, False, False, False), (False, False, True, True))",EOBD (Europe),0001000000000000000000000000000000000000,10111110001111101011100000010011,10000000000001011010000000000001,01101010110100000000000000000000,5.490196078431373 percent,919.75 revolutions_per_minute,278.0 second,-3.125 percent,0.0 kilometer_per_hour,<obd.OBDResponse.Status object at 0x733fa0cc8a00>,6.666666666666667 percent,14.509803921568627 percent,14.117647058823529 percent,29.0 degree,0.0 count,2025-04-24 16:46:27,2025-04-24 16:46:31,2025-04-24 16:46:27,Signal Acquired,15.516358,73.945898,0.67,2.48,8.29,-0.01,0.07,-0.01,DETECTED
,,,,,,,,,,,,,,,,,,,,,,,,,,,,,,,,,,,,,,,,,,,,,,,,,,,,,,,,,,,,,,,,,,,,,,,,,,,,2025-04-24 16:46:27,Signal Acquired,15.516353,73.945898,1.98,1.87,8.87,0.02,0.04,0.0,DETECTED
,,,,,,,,,,,,,,,,,,,,,,,,,,,,,,,,,,,,,,,,,,,,,,,,,,,,,,,,,,,,,,,,,,,,,,,,,,,,2025-04-24 16:46:27,Signal Acquired,15.516353,73.945898,1.75,1.88,8.92,-0.07,-0.04,0.0,DETECTED
18.823529411764707 percent,14.901960784313726 percent,7.450980392156863 percent,100 kilopascal,bytearray(b'33920-67P0*'),,13.73 volt,73 degree_Celsius,0.0 kilometer,0.0 kilometer,,,,,,,,,,,,,,,,,,,,,,,,,,,,,,,,ELM327 v1.5,13.6 volt,25.49019607843137 percent,0.0 percent,"('Closed loop, using oxygen sensor feedback to determine fuel mix', '')",[],[],31 kilopascal,41 degree_Celsius,-3.125 percent,10000000000000000000000000000001,10000000000000000000000000000000,Unknown : 0.0 millisecond [PASSED],Sensor period : 0.0 millisecond [PASSED],0.855 volt,1.275 volt,"((), (False, False, False, False), (False, False, True, True))",EOBD (Europe),0001000000000000000000000000000000000000,10111110001111101011100000010011,10000000000001011010000000000001,01101010110100000000000000000000,5.882352941176471 percent,932.75 revolutions_per_minute,283.0 second,-3.90625 percent,0.0 kilometer_per_hour,<obd.OBDResponse.Status object at 0x733fa0cebe50>,7.0588235294117645 percent,14.509803921568627 percent,14.509803921568627 percent,5.5 degree,0.0 count,2025-04-24 16:46:32,2025-04-24 16:46:35,2025-04-24 16:46:32,Signal Acquired,15.516348,73.945898,0.48,2.57,8.49,-0.03,0.08,-0.0,DETECTED
,,,,,,,,,,,,,,,,,,,,,,,,,,,,,,,,,,,,,,,,,,,,,,,,,,,,,,,,,,,,,,,,,,,,,,,,,,,,2025-04-24 16:46:32,Signal Acquired,15.516348,73.945898,2.29,1.84,8.95,-0.01,-0.03,0.0,DETECTED
,,,,,,,,,,,,,,,,,,,,,,,,,,,,,,,,,,,,,,,,,,,,,,,,,,,,,,,,,,,,,,,,,,,,,,,,,,,,2025-04-24 16:46:32,Signal Acquired,15.516345,73.945898,1.1,2.37,8.52,-0.01,0.07,-0.01,DETECTED
20.392156862745097 percent,19.607843137254903 percent,9.803921568627452 percent,100 kilopascal,bytearray(b'33920-67P0*'),,0.0 volt,73 degree_Celsius,0.0 kilometer,0.0 kilometer,,,,,,,,,,,,,,,,,,,,,,,,,,,,,,,,ELM327 v1.5,13.7 volt,24.705882352941178 percent,0.0 percent,"('Closed loop, using oxygen sensor feedback to determine fuel mix', '')",[],[],30 kilopascal,41 degree_Celsius,-3.125 percent,10000000000000000000000000000001,10000000000000000000000000000000,Unknown : 0.0 millisecond [PASSED],Sensor period : 0.0 millisecond [PASSED],0.065 volt,1.275 volt,"((), (False, False, False, False), (False, False, True, True))",EOBD (Europe),0001000000000000000000000000000000000000,10111110001111101011100000010011,10000000000001011010000000000001,01101010110100000000000000000000,5.098039215686274 percent,791.5 revolutions_per_minute,288.0 second,3.125 percent,0.0 kilometer_per_hour,<obd.OBDResponse.Status object at 0x733fa0d0a5f0>,6.666666666666667 percent,14.117647058823529 percent,14.117647058823529 percent,5.0 degree,0.0 count,2025-04-24 16:46:37,2025-04-24 16:46:40,2025-04-24 16:46:37,Signal Acquired,15.516345,73.945898,1.28,2.13,9.02,-0.07,-0.03,0.0,DETECTED
,,,,,,,,,,,,,,,,,,,,,,,,,,,,,,,,,,,,,,,,,,,,,,,,,,,,,,,,,,,,,,,,,,,,,,,,,,,,2025-04-24 16:46:37,Signal Acquired,15.516344,73.945898,1.06,2.34,8.55,-0.01,0.02,0.0,DETECTED
,,,,,,,,,,,,,,,,,,,,,,,,,,,,,,,,,,,,,,,,,,,,,,,,,,,,,,,,,,,,,,,,,,,,,,,,,,,,2025-04-24 16:46:37,Signal Acquired,15.516344,73.945898,1.56,2.15,8.78,-0.0,0.05,0.0,DETECTED
20.0 percent,17.254901960784313 percent,9.019607843137255 percent,100 kilopascal,bytearray(b'33920-67P0*'),,0.0 volt,74 degree_Celsius,0.0 kilometer,0.0 kilometer,,,,,,,,,,,,,,,,,,,,,,,,,,,,,,,,ELM327 v1.5,13.7 volt,25.49019607843137 percent,0.0 percent,"('Closed loop, using oxygen sensor feedback to determine fuel mix', '')",[],[],31 kilopascal,41 degree_Celsius,-3.125 percent,10000000000000000000000000000001,10000000000000000000000000000000,Unknown : 0.0 millisecond [PASSED],Sensor period : 0.0 millisecond [PASSED],0.085 volt,1.275 volt,"((), (False, False, False, False), (False, False, True, True))",EOBD (Europe),0001000000000000000000000000000000000000,10111110001111101011100000010011,10000000000001011010000000000001,01101010110100000000000000000000,5.490196078431373 percent,815.25 revolutions_per_minute,293.0 second,1.5625 percent,0.0 kilometer_per_hour,<obd.OBDResponse.Status object at 0x733fa0b262c0>,6.2745098039215685 percent,14.117647058823529 percent,14.117647058823529 percent,4.0 degree,0.0 count,2025-04-24 16:46:42,2025-04-24 16:46:45,2025-04-24 16:46:42,Signal Acquired,15.516341,73.945898,0.78,2.32,8.61,-0.02,0.08,0.0,DETECTED
,,,,,,,,,,,,,,,,,,,,,,,,,,,,,,,,,,,,,,,,,,,,,,,,,,,,,,,,,,,,,,,,,,,,,,,,,,,,2025-04-24 16:46:42,Signal Acquired,15.516341,73.945898,1.62,2.14,8.91,-0.02,0.03,-0.0,DETECTED
,,,,,,,,,,,,,,,,,,,,,,,,,,,,,,,,,,,,,,,,,,,,,,,,,,,,,,,,,,,,,,,,,,,,,,,,,,,,2025-04-24 16:46:42,Signal Acquired,15.516338,73.945898,0.93,2.25,8.52,-0.03,0.02,-0.0,DETECTED
18.823529411764707 percent,14.901960784313726 percent,7.450980392156863 percent,100 kilopascal,bytearray(b'33920-67P0*'),,13.677 volt,74 degree_Celsius,0.0 kilometer,0.0 kilometer,,,,,,,,,,,,,,,,,,,,,,,,,,,,,,,,ELM327 v1.5,13.8 volt,24.705882352941178 percent,0.0 percent,"('Closed loop, using oxygen sensor feedback to determine fuel mix', '')",[],[],34 kilopascal,41 degree_Celsius,-3.125 percent,10000000000000000000000000000001,10000000000000000000000000000000,Unknown : 0.0 millisecond [PASSED],Sensor period : 0.0 millisecond [PASSED],0.11 volt,1.275 volt,"((), (False, False, False, False), (False, False, True, True))",EOBD (Europe),0001000000000000000000000000000000000000,10111110001111101011100000010011,10000000000001011010000000000001,01101010110100000000000000000000,4.705882352941177 percent,721.5 revolutions_per_minute,298.0 second,0.0 percent,0.0 kilometer_per_hour,<obd.OBDResponse.Status object at 0x733fa0b267a0>,6.2745098039215685 percent,13.72549019607843 percent,13.72549019607843 percent,7.5 degree,0.0 count,2025-04-24 16:46:47,2025-04-24 16:46:50,2025-04-24 16:46:47,Signal Acquired,15.516338,73.945898,1.21,2.32,8.35,-0.05,0.03,-0.01,DETECTED
,,,,,,,,,,,,,,,,,,,,,,,,,,,,,,,,,,,,,,,,,,,,,,,,,,,,,,,,,,,,,,,,,,,,,,,,,,,,2025-04-24 16:46:47,Signal Acquired,15.516333,73.945898,1.17,2.27,8.5,-0.03,0.08,-0.01,DETECTED
,,,,,,,,,,,,,,,,,,,,,,,,,,,,,,,,,,,,,,,,,,,,,,,,,,,,,,,,,,,,,,,,,,,,,,,,,,,,2025-04-24 16:46:47,Signal Acquired,15.516333,73.945898,0.78,2.42,8.41,-0.05,0.06,-0.01,DETECTED
19.215686274509803 percent,14.901960784313726 percent,7.450980392156863 percent,100 kilopascal,bytearray(b'33920-67P0*'),,0.0 volt,74 degree_Celsius,0.0 kilometer,0.0 kilometer,,,,,,,,,,,,,,,,,,,,,,,,,,,,,,,,ELM327 v1.5,13.7 volt,24.705882352941178 percent,0.0 percent,"('Closed loop, using oxygen sensor feedback to determine fuel mix', '')",[],[],32 kilopascal,41 degree_Celsius,-3.125 percent,10000000000000000000000000000001,10000000000000000000000000000000,Unknown : 0.0 millisecond [PASSED],Sensor period : 0.0 millisecond [PASSED],0.115 volt,1.275 volt,"((), (False, False, False, False), (False, False, True, True))",EOBD (Europe),0001000000000000000000000000000000000000,10111110001111101011100000010011,10000000000001011010000000000001,01101010110100000000000000000000,4.705882352941177 percent,713.5 revolutions_per_minute,303.0 second,1.5625 percent,0.0 kilometer_per_hour,<obd.OBDResponse.Status object at 0x733fa0b54490>,5.882352941176471 percent,13.72549019607843 percent,13.72549019607843 percent,13.0 degree,0.0 count,2025-04-24 16:46:51,2025-04-24 16:46:55,2025-04-24 16:46:51,Signal Acquired,15.516325,73.945898,1.4,2.27,8.38,0.02,0.05,-0.01,DETECTED
,,,,,,,,,,,,,,,,,,,,,,,,,,,,,,,,,,,,,,,,,,,,,,,,,,,,,,,,,,,,,,,,,,,,,,,,,,,,2025-04-24 16:46:51,Signal Acquired,15.516325,73.945898,1.76,1.71,9.04,-0.07,-0.03,0.0,DETECTED
,,,,,,,,,,,,,,,,,,,,,,,,,,,,,,,,,,,,,,,,,,,,,,,,,,,,,,,,,,,,,,,,,,,,,,,,,,,,2025-04-24 16:46:51,Signal Acquired,15.516318,73.945897,1.91,2.22,8.63,0.03,0.01,0.01,DETECTED
18.823529411764707 percent,18.823529411764707 percent,9.803921568627452 percent,100 kilopascal,bytearray(b'33920-67P0*'),,13.774000000000001 volt,75 degree_Celsius,0.0 kilometer,0.0 kilometer,,,,,,,,,,,,,,,,,,,,,,,,,,,,,,,,ELM327 v1.5,13.8 volt,23.92156862745098 percent,0.0 percent,"('Closed loop, using oxygen sensor feedback to determine fuel mix', '')",[],[],31 kilopascal,41 degree_Celsius,-3.125 percent,10000000000000000000000000000001,10000000000000000000000000000000,Unknown : 0.0 millisecond [PASSED],Sensor period : 0.0 millisecond [PASSED],0.105 volt,1.275 volt,"((), (False, False, False, False), (False, False, True, True))",EOBD (Europe),0001000000000000000000000000000000000000,10111110001111101011100000010011,10000000000001011010000000000001,01101010110100000000000000000000,4.705882352941177 percent,732.75 revolutions_per_minute,308.0 second,0.0 percent,0.0 kilometer_per_hour,<obd.OBDResponse.Status object at 0x733fa0b56c80>,6.2745098039215685 percent,14.117647058823529 percent,13.72549019607843 percent,8.5 degree,0.0 count,2025-04-24 16:46:56,2025-04-24 16:47:00,2025-04-24 16:46:56,Signal Acquired,15.516318,73.945897,0.76,2.42,8.56,-0.07,0.08,-0.02,DETECTED
,,,,,,,,,,,,,,,,,,,,,,,,,,,,,,,,,,,,,,,,,,,,,,,,,,,,,,,,,,,,,,,,,,,,,,,,,,,,2025-04-24 16:46:56,Signal Acquired,15.516312,73.945897,0.96,2.21,8.67,-0.12,0.05,-0.01,DETECTED
,,,,,,,,,,,,,,,,,,,,,,,,,,,,,,,,,,,,,,,,,,,,,,,,,,,,,,,,,,,,,,,,,,,,,,,,,,,,2025-04-24 16:46:56,Signal Acquired,15.516312,73.945897,1.37,1.92,8.81,-0.08,-0.0,-0.01,DETECTED
18.823529411764707 percent,14.901960784313726 percent,7.450980392156863 percent,100 kilopascal,bytearray(b'33920-67P0*'),,,75 degree_Celsius,0.0 kilometer,0.0 kilometer,,,,,,,,,,,,,,,,,,,,,,,,,,,,,,,,ELM327 v1.5,13.6 volt,24.705882352941178 percent,0.0 percent,"('Closed loop, using oxygen sensor feedback to determine fuel mix', '')",[],[],33 kilopascal,41 degree_Celsius,-3.125 percent,10000000000000000000000000000001,10000000000000000000000000000000,Unknown : 0.0 millisecond [PASSED],Sensor period : 0.0 millisecond [PASSED],0.635 volt,1.275 volt,"((), (False, False, False, False), (False, False, True, True))",EOBD (Europe),0001000000000000000000000000000000000000,10111110001111101011100000010011,10000000000001011010000000000001,01101010110100000000000000000000,4.705882352941177 percent,711.0 revolutions_per_minute,313.0 second,-0.78125 percent,0.0 kilometer_per_hour,<obd.OBDResponse.Status object at 0x733fa0b55930>,6.2745098039215685 percent,13.72549019607843 percent,13.72549019607843 percent,14.0 degree,0.0 count,2025-04-24 16:47:01,2025-04-24 16:47:05,2025-04-24 16:47:01,Signal Acquired,15.516309,73.945897,1.9,2.08,8.52,-0.02,-0.01,0.01,DETECTED
,,,,,,,,,,,,,,,,,,,,,,,,,,,,,,,,,,,,,,,,,,,,,,,,,,,,,,,,,,,,,,,,,,,,,,,,,,,,2025-04-24 16:47:01,Signal Acquired,15.516309,73.945897,1.56,2.08,8.97,0.02,0.0,0.01,DETECTED
,,,,,,,,,,,,,,,,,,,,,,,,,,,,,,,,,,,,,,,,,,,,,,,,,,,,,,,,,,,,,,,,,,,,,,,,,,,,2025-04-24 16:47:01,Signal Acquired,15.516308,73.945897,1.45,2.23,8.9,0.0,0.0,0.01,DETECTED
19.215686274509803 percent,14.901960784313726 percent,7.450980392156863 percent,100 kilopascal,bytearray(b'33920-67P0*'),,13.74 volt,75 degree_Celsius,0.0 kilometer,0.0 kilometer,,,,,,,,,,,,,,,,,,,,,,,,,,,,,,,,ELM327 v1.5,13.8 volt,24.705882352941178 percent,0.0 percent,"('Closed loop, using oxygen sensor feedback to determine fuel mix', '')",[],[],33 kilopascal,41 degree_Celsius,-3.125 percent,10000000000000000000000000000001,10000000000000000000000000000000,Unknown : 0.0 millisecond [PASSED],Sensor period : 0.0 millisecond [PASSED],0.065 volt,1.275 volt,"((), (False, False, False, False), (False, False, True, True))",EOBD (Europe),0001000000000000000000000000000000000000,10111110001111101011100000010011,10000000000001011010000000000001,01101010110100000000000000000000,4.705882352941177 percent,712.5 revolutions_per_minute,318.0 second,0.78125 percent,0.0 kilometer_per_hour,<obd.OBDResponse.Status object at 0x733fa0b71ea0>,5.882352941176471 percent,13.72549019607843 percent,13.72549019607843 percent,7.5 degree,0.0 count,2025-04-24 16:47:06,2025-04-24 16:47:10,2025-04-24 16:47:06,Signal Acquired,15.516308,73.945897,1.47,1.93,8.86,-0.06,0.0,-0.0,DETECTED
,,,,,,,,,,,,,,,,,,,,,,,,,,,,,,,,,,,,,,,,,,,,,,,,,,,,,,,,,,,,,,,,,,,,,,,,,,,,2025-04-24 16:47:06,Signal Acquired,15.516309,73.945897,1.0,2.18,8.73,-0.1,0.08,-0.01,DETECTED
,,,,,,,,,,,,,,,,,,,,,,,,,,,,,,,,,,,,,,,,,,,,,,,,,,,,,,,,,,,,,,,,,,,,,,,,,,,,2025-04-24 16:47:06,Signal Acquired,15.516309,73.945897,1.56,2.0,9.22,-0.09,-0.06,0.0,DETECTED
19.215686274509803 percent,14.901960784313726 percent,7.450980392156863 percent,100 kilopascal,bytearray(b'33920-67P0*'),,13.696 volt,76 degree_Celsius,0.0 kilometer,0.0 kilometer,,,,,,,,,,,,,,,,,,,,,,,,,,,,,,,,ELM327 v1.5,13.8 volt,23.92156862745098 percent,3.5294117647058822 percent,"('Closed loop, using oxygen sensor feedback to determine fuel mix', '')",[],[],33 kilopascal,41 degree_Celsius,4.6875 percent,10000000000000000000000000000001,10000000000000000000000000000000,Unknown : 0.0 millisecond [PASSED],Sensor period : 0.0 millisecond [PASSED],0.78 volt,1.275 volt,"((), (False, False, False, False), (False, False, True, True))",EOBD (Europe),0001000000000000000000000000000000000000,10111110001111101011100000010011,10000000000001011010000000000001,01101010110100000000000000000000,5.098039215686274 percent,847.25 revolutions_per_minute,323.0 second,0.0 percent,0.0 kilometer_per_hour,<obd.OBDResponse.Status object at 0x733fa0b83940>,6.2745098039215685 percent,13.72549019607843 percent,13.72549019607843 percent,6.0 degree,0.0 count,2025-04-24 16:47:11,2025-04-24 16:47:15,2025-04-24 16:47:11,Signal Acquired,15.516309,73.945896,1.03,2.22,8.58,-0.04,0.06,0.0,DETECTED
,,,,,,,,,,,,,,,,,,,,,,,,,,,,,,,,,,,,,,,,,,,,,,,,,,,,,,,,,,,,,,,,,,,,,,,,,,,,2025-04-24 16:47:11,Signal Acquired,15.516309,73.945896,1.14,2.21,8.31,-0.02,0.07,-0.01,DETECTED
,,,,,,,,,,,,,,,,,,,,,,,,,,,,,,,,,,,,,,,,,,,,,,,,,,,,,,,,,,,,,,,,,,,,,,,,,,,,2025-04-24 16:47:11,Signal Acquired,15.516308,73.945896,2.03,1.76,8.93,-0.03,-0.05,0.0,DETECTED
18.823529411764707 percent,14.901960784313726 percent,7.450980392156863 percent,100 kilopascal,bytearray(b'33920-67P0*'),,0.0 volt,76 degree_Celsius,0.0 kilometer,0.0 kilometer,,,,,,,,,,,,,,,,,,,,,,,,,,,,,,,,ELM327 v1.5,13.6 volt,23.529411764705884 percent,3.5294117647058822 percent,"('Closed loop, using oxygen sensor feedback to determine fuel mix', '')",[],[],34 kilopascal,41 degree_Celsius,4.6875 percent,10000000000000000000000000000001,10000000000000000000000000000000,Unknown : 0.0 millisecond [PASSED],Sensor period : 0.0 millisecond [PASSED],0.875 volt,1.275 volt,"((), (False, False, False, False), (False, False, True, True))",EOBD (Europe),0001000000000000000000000000000000000000,10111110001111101011100000010011,10000000000001011010000000000001,01101010110100000000000000000000,5.490196078431373 percent,892.0 revolutions_per_minute,328.0 second,-2.34375 percent,0.0 kilometer_per_hour,<obd.OBDResponse.Status object at 0x733fa0b70820>,6.2745098039215685 percent,14.117647058823529 percent,14.117647058823529 percent,11.5 degree,0.0 count,2025-04-24 16:47:16,2025-04-24 16:47:20,2025-04-24 16:47:16,Signal Acquired,15.516308,73.945896,1.51,2.31,8.95,0.01,0.01,0.01,DETECTED
,,,,,,,,,,,,,,,,,,,,,,,,,,,,,,,,,,,,,,,,,,,,,,,,,,,,,,,,,,,,,,,,,,,,,,,,,,,,2025-04-24 16:47:16,Signal Acquired,15.516306,73.945896,1.38,2.16,8.61,-0.03,0.03,-0.0,DETECTED
,,,,,,,,,,,,,,,,,,,,,,,,,,,,,,,,,,,,,,,,,,,,,,,,,,,,,,,,,,,,,,,,,,,,,,,,,,,,2025-04-24 16:47:16,Signal Acquired,15.516306,73.945896,1.39,2.2,8.55,-0.02,0.03,-0.0,DETECTED
18.823529411764707 percent,17.647058823529413 percent,8.627450980392156 percent,100 kilopascal,bytearray(b'33920-67P0*'),,13.706 volt,76 degree_Celsius,0.0 kilometer,0.0 kilometer,,,,,,,,,,,,,,,,,,,,,,,,,,,,,,,,ELM327 v1.5,13.8 volt,23.92156862745098 percent,3.5294117647058822 percent,"('Closed loop, using oxygen sensor feedback to determine fuel mix', '')",[],[],32 kilopascal,41 degree_Celsius,-3.125 percent,10000000000000000000000000000001,10000000000000000000000000000000,Unknown : 0.0 millisecond [PASSED],Sensor period : 0.0 millisecond [PASSED],0.85 volt,1.275 volt,"((), (False, False, False, False), (False, False, True, True))",EOBD (Europe),0001000000000000000000000000000000000000,10111110001111101011100000010011,10000000000001011010000000000001,01101010110100000000000000000000,4.705882352941177 percent,760.25 revolutions_per_minute,333.0 second,-0.78125 percent,0.0 kilometer_per_hour,<obd.OBDResponse.Status object at 0x733fa0ba2770>,6.2745098039215685 percent,14.117647058823529 percent,14.117647058823529 percent,14.5 degree,0.0 count,2025-04-24 16:47:21,2025-04-24 16:47:25,2025-04-24 16:47:21,Signal Acquired,15.516304,73.945896,1.31,2.25,8.78,-0.03,0.04,-0.0,DETECTED
,,,,,,,,,,,,,,,,,,,,,,,,,,,,,,,,,,,,,,,,,,,,,,,,,,,,,,,,,,,,,,,,,,,,,,,,,,,,2025-04-24 16:47:21,Signal Acquired,15.516304,73.945896,1.56,2.25,8.4,-0.01,0.01,0.0,DETECTED
,,,,,,,,,,,,,,,,,,,,,,,,,,,,,,,,,,,,,,,,,,,,,,,,,,,,,,,,,,,,,,,,,,,,,,,,,,,,2025-04-24 16:47:21,Signal Acquired,15.516302,73.945896,1.49,2.25,8.88,0.01,-0.0,0.01,DETECTED
19.215686274509803 percent,14.901960784313726 percent,7.450980392156863 percent,100 kilopascal,bytearray(b'33920-67P0*'),,,77 degree_Celsius,0.0 kilometer,0.0 kilometer,,,,,,,,,,,,,,,,,,,,,,,,,,,,,,,,ELM327 v1.5,13.6 volt,23.137254901960784 percent,0.0 percent,"('Closed loop, using oxygen sensor feedback to determine fuel mix', '')",[],[],29 kilopascal,41 degree_Celsius,-3.125 percent,10000000000000000000000000000001,10000000000000000000000000000000,Unknown : 0.0 millisecond [PASSED],Sensor period : 0.0 millisecond [PASSED],0.085 volt,1.275 volt,"((), (False, False, False, False), (False, False, True, True))",EOBD (Europe),0001000000000000000000000000000000000000,10111110001111101011100000010011,10000000000001011010000000000001,01101010110100000000000000000000,4.705882352941177 percent,742.25 revolutions_per_minute,338.0 second,0.78125 percent,0.0 kilometer_per_hour,<obd.OBDResponse.Status object at 0x733fa0bb54b0>,5.882352941176471 percent,13.72549019607843 percent,13.72549019607843 percent,11.0 degree,0.0 count,2025-04-24 16:47:26,2025-04-24 16:47:30,2025-04-24 16:47:26,Signal Acquired,15.516302,73.945896,1.57,2.05,8.65,-0.01,-0.0,-0.0,DETECTED
,,,,,,,,,,,,,,,,,,,,,,,,,,,,,,,,,,,,,,,,,,,,,,,,,,,,,,,,,,,,,,,,,,,,,,,,,,,,2025-04-24 16:47:26,Signal Acquired,15.5163,73.945896,1.3,2.1,8.84,-0.07,0.03,-0.01,DETECTED
,,,,,,,,,,,,,,,,,,,,,,,,,,,,,,,,,,,,,,,,,,,,,,,,,,,,,,,,,,,,,,,,,,,,,,,,,,,,2025-04-24 16:47:26,Signal Acquired,15.5163,73.945896,1.08,2.42,8.71,-0.04,0.05,0.0,DETECTED
21.56862745098039 percent,14.901960784313726 percent,7.450980392156863 percent,100 kilopascal,bytearray(b'33920-67P0*'),,0.0 volt,77 degree_Celsius,0.0 kilometer,0.0 kilometer,,,,,,,,,,,,,,,,,,,,,,,,,,,,,,,,ELM327 v1.5,13.8 volt,23.529411764705884 percent,0.0 percent,"('Closed loop, using oxygen sensor feedback to determine fuel mix', '')",[],[],31 kilopascal,41 degree_Celsius,-3.125 percent,10000000000000000000000000000001,10000000000000000000000000000000,Unknown : 0.0 millisecond [PASSED],Sensor period : 0.0 millisecond [PASSED],0.13 volt,1.275 volt,"((), (False, False, False, False), (False, False, True, True))",EOBD (Europe),0001000000000000000000000000000000000000,10111110001111101011100000010011,10000000000001011010000000000001,01101010110100000000000000000000,4.705882352941177 percent,729.75 revolutions_per_minute,343.0 second,-0.78125 percent,0.0 kilometer_per_hour,<obd.OBDResponse.Status object at 0x733fa0bc9ab0>,5.882352941176471 percent,13.72549019607843 percent,13.72549019607843 percent,10.5 degree,0.0 count,2025-04-24 16:47:31,2025-04-24 16:47:35,2025-04-24 16:47:31,Signal Acquired,15.516299,73.945896,1.82,2.27,8.28,0.01,0.0,0.0,DETECTED
,,,,,,,,,,,,,,,,,,,,,,,,,,,,,,,,,,,,,,,,,,,,,,,,,,,,,,,,,,,,,,,,,,,,,,,,,,,,2025-04-24 16:47:31,Signal Acquired,15.516299,73.945896,1.5,1.89,8.89,-0.03,0.0,-0.0,DETECTED
,,,,,,,,,,,,,,,,,,,,,,,,,,,,,,,,,,,,,,,,,,,,,,,,,,,,,,,,,,,,,,,,,,,,,,,,,,,,2025-04-24 16:47:31,Signal Acquired,15.516299,73.945895,1.13,2.09,8.51,-0.1,0.04,-0.01,DETECTED
18.823529411764707 percent,14.901960784313726 percent,7.450980392156863 percent,100 kilopascal,bytearray(b'33920-67P0*'),,13.74 volt,77 degree_Celsius,0.0 kilometer,0.0 kilometer,,,,,,,,,,,,,,,,,,,,,,,,,,,,,,,,ELM327 v1.5,13.7 volt,27.058823529411764 percent,0.0 percent,"('Closed loop, using oxygen sensor feedback to determine fuel mix', '')",[],[],34 kilopascal,41 degree_Celsius,-3.125 percent,10000000000000000000000000000001,10000000000000000000000000000000,Unknown : 0.0 millisecond [PASSED],Sensor period : 0.0 millisecond [PASSED],0.43 volt,1.275 volt,"((), (False, False, False, False), (False, False, True, True))",EOBD (Europe),0001000000000000000000000000000000000000,10111110001111101011100000010011,10000000000001011010000000000001,01101010110100000000000000000000,4.705882352941177 percent,719.0 revolutions_per_minute,347.0 second,0.0 percent,0.0 kilometer_per_hour,<obd.OBDResponse.Status object at 0x733fa0bb6ef0>,7.0588235294117645 percent,14.901960784313726 percent,15.294117647058824 percent,24.5 degree,0.0 count,2025-04-24 16:47:36,2025-04-24 16:47:40,2025-04-24 16:47:36,Signal Acquired,15.516299,73.945895,2.15,1.92,8.92,-0.03,-0.03,0.0,DETECTED
,,,,,,,,,,,,,,,,,,,,,,,,,,,,,,,,,,,,,,,,,,,,,,,,,,,,,,,,,,,,,,,,,,,,,,,,,,,,2025-04-24 16:47:36,Signal Acquired,15.516298,73.945895,0.98,2.26,8.53,-0.08,0.0,-0.01,DETECTED
,,,,,,,,,,,,,,,,,,,,,,,,,,,,,,,,,,,,,,,,,,,,,,,,,,,,,,,,,,,,,,,,,,,,,,,,,,,,2025-04-24 16:47:36,Signal Acquired,15.516298,73.945895,1.05,2.27,8.53,-0.03,0.01,-0.0,DETECTED
18.823529411764707 percent,14.901960784313726 percent,7.450980392156863 percent,100 kilopascal,bytearray(b'33920-67P0*'),,0.0 volt,78 degree_Celsius,0.0 kilometer,0.0 kilometer,,,,,,,,,,,,,,,,,,,,,,,,,,,,,,,,ELM327 v1.5,13.8 volt,29.41176470588235 percent,3.9215686274509802 percent,"('Closed loop, using oxygen sensor feedback to determine fuel mix', '')",[],[],38 kilopascal,41 degree_Celsius,-3.125 percent,10000000000000000000000000000001,10000000000000000000000000000000,Unknown : 0.0 millisecond [PASSED],Sensor period : 0.0 millisecond [PASSED],0.885 volt,1.275 volt,"((), (False, False, False, False), (False, False, True, True))",EOBD (Europe),0001000000000000000000000000000000000000,10111110001111101011100000010011,10000000000001011010000000000001,01101010110100000000000000000000,5.098039215686274 percent,837.5 revolutions_per_minute,353.0 second,-0.78125 percent,0.0 kilometer_per_hour,<obd.OBDResponse.Status object at 0x733fa0be4430>,6.2745098039215685 percent,13.72549019607843 percent,13.72549019607843 percent,9.0 degree,0.0 count,2025-04-24 16:47:41,2025-04-24 16:47:45,2025-04-24 16:47:41,Signal Acquired,15.516298,73.945894,1.18,2.1,8.66,-0.05,0.01,-0.01,DETECTED
,,,,,,,,,,,,,,,,,,,,,,,,,,,,,,,,,,,,,,,,,,,,,,,,,,,,,,,,,,,,,,,,,,,,,,,,,,,,2025-04-24 16:47:41,Signal Acquired,15.516298,73.945894,0.77,2.38,8.71,-0.08,0.01,-0.01,DETECTED
,,,,,,,,,,,,,,,,,,,,,,,,,,,,,,,,,,,,,,,,,,,,,,,,,,,,,,,,,,,,,,,,,,,,,,,,,,,,2025-04-24 16:47:41,Signal Acquired,15.516298,73.945894,1.97,2.13,8.8,0.02,0.02,0.0,DETECTED
